date,business_id,market,sold_lots,gmv_usd_current_fx,skipped_fx_lots,gmv_native_by_currency
2025-06-30,ALL,ALL,2532,3793984.44,0,"{""AUD"":270,""BRL"":683000,""CAD"":67892,""USD"":3613512.75,""ZAR"":6860}"
2025-06-30,ALL,DOMESTIC,2469,3613192.75,0,"{""USD"":3613192.75}"
2025-06-30,ALL,INTERNATIONAL,63,180791.69,0,"{""AUD"":270,""BRL"":683000,""CAD"":67892,""USD"":320,""ZAR"":6860}"
2025-07-01,ALL,ALL,2584,2266880.82,0,"{""BRL"":367812,""CAD"":11897.01,""USD"":2187375.35,""ZAR"":100}"
2025-07-01,ALL,DOMESTIC,2547,2187375.35,0,"{""USD"":2187375.35}"
2025-07-01,ALL,INTERNATIONAL,37,79505.47,0,"{""BRL"":367812,""CAD"":11897.01,""ZAR"":100}"
2025-07-02,ALL,ALL,2439,1878125.3,0,"{""BRL"":254038,""CAD"":67542.99,""USD"":1781451.46}"
2025-07-02,ALL,DOMESTIC,2372,1781151.46,0,"{""USD"":1781151.46}"
2025-07-02,ALL,INTERNATIONAL,67,96973.84,0,"{""BRL"":254038,""CAD"":67542.99,""USD"":300}"
2025-07-03,ALL,ALL,1995,2357840.42,0,"{""BRL"":835526,""CAD"":79211,""USD"":1978588.08,""ZAR"":2659000}"
2025-07-03,ALL,DOMESTIC,1885,1978588.08,0,"{""USD"":1978588.08}"
2025-07-03,ALL,INTERNATIONAL,110,379252.34,0,"{""BRL"":835526,""CAD"":79211,""ZAR"":2659000}"
2025-07-04,ALL,ALL,527,940985.47,0,"{""BRL"":601256,""CAD"":23089.02,""USD"":800762.47,""ZAR"":126500}"
2025-07-04,ALL,DOMESTIC,489,800762.47,0,"{""USD"":800762.47}"
2025-07-04,ALL,INTERNATIONAL,38,140223,0,"{""BRL"":601256,""CAD"":23089.02,""ZAR"":126500}"
2025-07-05,ALL,ALL,425,476698.36,0,"{""BRL"":128304,""CAD"":1400,""USD"":450902.6}"
2025-07-05,ALL,DOMESTIC,422,450902.6,0,"{""USD"":450902.6}"
2025-07-05,ALL,INTERNATIONAL,3,25795.76,0,"{""BRL"":128304,""CAD"":1400}"
2025-07-06,ALL,ALL,1377,630637.15,0,"{""BRL"":112218,""CAD"":23877,""USD"":592128.06}"
2025-07-06,ALL,DOMESTIC,1372,592128.06,0,"{""USD"":592128.06}"
2025-07-06,ALL,INTERNATIONAL,5,38509.09,0,"{""BRL"":112218,""CAD"":23877}"
2025-07-07,ALL,ALL,2603,2991148.37,0,"{""BRL"":668810,""CAD"":222574,""USD"":2705127.69}"
2025-07-07,ALL,DOMESTIC,2551,2705127.69,0,"{""USD"":2705127.69}"
2025-07-07,ALL,INTERNATIONAL,52,286020.68,0,"{""BRL"":668810,""CAD"":222574}"
2025-07-08,ALL,ALL,2783,2871137.08,0,"{""BRL"":916751,""CAD"":36856.53,""GBP"":30609,""USD"":2627381.8}"
2025-07-08,ALL,DOMESTIC,2631,2627381.8,0,"{""USD"":2627381.8}"
2025-07-08,ALL,INTERNATIONAL,152,243755.28,0,"{""BRL"":916751,""CAD"":36856.53,""GBP"":30609}"
2025-07-09,ALL,ALL,2457,2371285.72,0,"{""BRL"":501000,""CAD"":34806,""GBP"":3225,""USD"":2245632.84}"
2025-07-09,ALL,DOMESTIC,2434,2245632.84,0,"{""USD"":2245632.84}"
2025-07-09,ALL,INTERNATIONAL,23,125652.88,0,"{""BRL"":501000,""CAD"":34806,""GBP"":3225}"
2025-07-10,ALL,ALL,2563,3760550.53,0,"{""BRL"":746091,""CAD"":219780,""EUR"":8500,""GBP"":108401,""USD"":3299366.5,""ZAR"":146580}"
2025-07-10,ALL,DOMESTIC,2344,3262366.5,0,"{""USD"":3262366.5}"
2025-07-10,ALL,INTERNATIONAL,219,498184.03,0,"{""BRL"":746091,""CAD"":219780,""EUR"":8500,""GBP"":108401,""USD"":37000,""ZAR"":146580}"
2025-07-11,ALL,ALL,1671,1929190.07,0,"{""BRL"":369421,""CAD"":76604,""GBP"":14525,""USD"":1784589.97}"
2025-07-11,ALL,DOMESTIC,1626,1784589.97,0,"{""USD"":1784589.97}"
2025-07-11,ALL,INTERNATIONAL,45,144600.1,0,"{""BRL"":369421,""CAD"":76604,""GBP"":14525}"
2025-07-12,ALL,ALL,1372,542415.09,0,"{""BRL"":224101,""CAD"":222,""USD"":498924.37}"
2025-07-12,ALL,DOMESTIC,1367,498924.37,0,"{""USD"":498924.37}"
2025-07-12,ALL,INTERNATIONAL,5,43490.72,0,"{""BRL"":224101,""CAD"":222}"
2025-07-13,ALL,ALL,1249,452099.64,0,"{""CAD"":6020,""USD"":447861.54}"
2025-07-13,ALL,DOMESTIC,1247,447861.54,0,"{""USD"":447861.54}"
2025-07-13,ALL,INTERNATIONAL,2,4238.1,0,"{""CAD"":6020}"
2025-07-14,ALL,ALL,2215,2617550.04,0,"{""BRL"":178493,""CAD"":19297.5,""GBP"":12275,""USD"":2553193.37}"
2025-07-14,ALL,DOMESTIC,2173,2553193.37,0,"{""USD"":2553193.37}"
2025-07-14,ALL,INTERNATIONAL,42,64356.67,0,"{""BRL"":178493,""CAD"":19297.5,""GBP"":12275}"
2025-07-15,ALL,ALL,2927,2937427.5,0,"{""BRL"":87490,""CAD"":48536.25,""GBP"":114559,""USD"":2734349.2,""ZAR"":4575}"
2025-07-15,ALL,DOMESTIC,2807,2734349.2,0,"{""USD"":2734349.2}"
2025-07-15,ALL,INTERNATIONAL,120,203078.3,0,"{""BRL"":87490,""CAD"":48536.25,""GBP"":114559,""ZAR"":4575}"
2025-07-16,ALL,ALL,2344,2089851.92,0,"{""BRL"":214000,""CAD"":182243,""USD"":1918953.14,""ZAR"":20000}"
2025-07-16,ALL,DOMESTIC,2310,1918953.14,0,"{""USD"":1918953.14}"
2025-07-16,ALL,INTERNATIONAL,34,170898.78,0,"{""BRL"":214000,""CAD"":182243,""ZAR"":20000}"
2025-07-17,ALL,ALL,2648,3000266.83,0,"{""BRL"":383599,""CAD"":64881.69,""GBP"":1550,""USD"":2877029.46,""ZAR"":21860}"
2025-07-17,ALL,DOMESTIC,2544,2877029.46,0,"{""USD"":2877029.46}"
2025-07-17,ALL,INTERNATIONAL,104,123237.37,0,"{""BRL"":383599,""CAD"":64881.69,""GBP"":1550,""ZAR"":21860}"
2025-07-18,ALL,ALL,1991,1744779.58,0,"{""BRL"":359000,""CAD"":11770.14,""GBP"":2500,""USD"":1663762.71}"
2025-07-18,ALL,DOMESTIC,1976,1663762.71,0,"{""USD"":1663762.71}"
2025-07-18,ALL,INTERNATIONAL,15,81016.87,0,"{""BRL"":359000,""CAD"":11770.14,""GBP"":2500}"
2025-07-19,ALL,ALL,1466,623317.95,0,"{""CAD"":1001,""USD"":622613.24}"
2025-07-19,ALL,DOMESTIC,1465,622613.24,0,"{""USD"":622613.24}"
2025-07-19,ALL,INTERNATIONAL,1,704.71,0,"{""CAD"":1001}"
2025-07-20,ALL,ALL,1555,1233853.19,0,"{""CAD"":7620,""USD"":1228488.69}"
2025-07-20,ALL,DOMESTIC,1552,1228488.69,0,"{""USD"":1228488.69}"
2025-07-20,ALL,INTERNATIONAL,3,5364.5,0,"{""CAD"":7620}"
2025-07-21,ALL,ALL,2071,3057077.01,0,"{""BRL"":289334,""CAD"":99326.53,""USD"":2931202.26}"
2025-07-21,ALL,DOMESTIC,2031,2931202.26,0,"{""USD"":2931202.26}"
2025-07-21,ALL,INTERNATIONAL,40,125874.75,0,"{""BRL"":289334,""CAD"":99326.53}"
2025-07-22,ALL,ALL,2584,3801682.73,0,"{""BRL"":175850,""CAD"":189605,""USD"":3188904.95,""ZAR"":7312352}"
2025-07-22,ALL,DOMESTIC,2483,3188904.95,0,"{""USD"":3188904.95}"
2025-07-22,ALL,INTERNATIONAL,101,612777.78,0,"{""BRL"":175850,""CAD"":189605,""ZAR"":7312352}"
2025-07-23,ALL,ALL,2564,2507119.02,0,"{""BRL"":235000,""CAD"":49873.13,""EUR"":84447.05,""USD"":2330162.93}"
2025-07-23,ALL,DOMESTIC,2446,2330162.93,0,"{""USD"":2330162.93}"
2025-07-23,ALL,INTERNATIONAL,118,176956.09,0,"{""BRL"":235000,""CAD"":49873.13,""EUR"":84447.05}"
2025-07-24,ALL,ALL,3136,4036255.28,0,"{""BRL"":227000,""CAD"":61405,""USD"":3827349.2,""ZAR"":1999840}"
2025-07-24,ALL,DOMESTIC,2877,3815908.2,0,"{""USD"":3815908.2}"
2025-07-24,ALL,INTERNATIONAL,259,220347.08,0,"{""BRL"":227000,""CAD"":61405,""USD"":11441,""ZAR"":1999840}"
2025-07-25,ALL,ALL,2105,3198878.52,0,"{""BRL"":184146,""CAD"":299901,""GBP"":200,""MXN"":2242041.73,""USD"":2798666.23,""ZAR"":410000}"
2025-07-25,ALL,DOMESTIC,2058,2798666.23,0,"{""USD"":2798666.23}"
2025-07-25,ALL,INTERNATIONAL,47,400212.29,0,"{""BRL"":184146,""CAD"":299901,""GBP"":200,""MXN"":2242041.73,""ZAR"":410000}"
2025-07-26,ALL,ALL,1289,588411.34,0,"{""CAD"":25,""USD"":588393.74}"
2025-07-26,ALL,DOMESTIC,1288,588393.74,0,"{""USD"":588393.74}"
2025-07-26,ALL,INTERNATIONAL,1,17.6,0,"{""CAD"":25}"
2025-07-27,ALL,ALL,1444,382854.79,0,"{""CAD"":2384,""USD"":381176.45}"
2025-07-27,ALL,DOMESTIC,1430,381176.45,0,"{""USD"":381176.45}"
2025-07-27,ALL,INTERNATIONAL,14,1678.34,0,"{""CAD"":2384}"
2025-07-28,ALL,ALL,2500,2740521.95,0,"{""CAD"":51114.51,""USD"":2675040.63,""ZAR"":484377.62}"
2025-07-28,ALL,DOMESTIC,2451,2671640.63,0,"{""USD"":2671640.63}"
2025-07-28,ALL,INTERNATIONAL,49,68881.32,0,"{""CAD"":51114.51,""USD"":3400,""ZAR"":484377.62}"
2025-07-29,ALL,ALL,2453,2832030.76,0,"{""BRL"":309000,""CAD"":316257,""USD"":2549501.91,""ZAR"":2160}"
2025-07-29,ALL,DOMESTIC,2391,2549501.91,0,"{""USD"":2549501.91}"
2025-07-29,ALL,INTERNATIONAL,62,282528.85,0,"{""BRL"":309000,""CAD"":316257,""ZAR"":2160}"
2025-07-30,ALL,ALL,2087,2494995.54,0,"{""BRL"":781006,""CAD"":149274.25,""USD"":2238882.77}"
2025-07-30,ALL,DOMESTIC,2016,2238882.77,0,"{""USD"":2238882.77}"
2025-07-30,ALL,INTERNATIONAL,71,256112.77,0,"{""BRL"":781006,""CAD"":149274.25}"
2025-07-31,ALL,ALL,2326,3207012.17,0,"{""BRL"":250000,""CAD"":423397.85,""USD"":2859881.67,""ZAR"":11733.32}"
2025-07-31,ALL,DOMESTIC,2208,2859881.67,0,"{""USD"":2859881.67}"
2025-07-31,ALL,INTERNATIONAL,118,347130.5,0,"{""BRL"":250000,""CAD"":423397.85,""ZAR"":11733.32}"
2025-08-01,ALL,ALL,1636,1746781.16,0,"{""BRL"":53542,""CAD"":28577,""USD"":1715886.21,""ZAR"":6950}"
2025-08-01,ALL,DOMESTIC,1615,1715886.21,0,"{""USD"":1715886.21}"
2025-08-01,ALL,INTERNATIONAL,21,30894.95,0,"{""BRL"":53542,""CAD"":28577,""ZAR"":6950}"
2025-08-02,ALL,ALL,1083,463661.29,0,"{""USD"":463661.29}"
2025-08-02,ALL,DOMESTIC,1083,463661.29,0,"{""USD"":463661.29}"
2025-08-03,ALL,ALL,1172,812666.33,0,"{""CAD"":82,""USD"":812608.6}"
2025-08-03,ALL,DOMESTIC,1171,812608.6,0,"{""USD"":812608.6}"
2025-08-03,ALL,INTERNATIONAL,1,57.73,0,"{""CAD"":82}"
2025-08-04,ALL,ALL,2194,2177325.83,0,"{""BRL"":131500,""CAD"":83674,""USD"":2092990.89}"
2025-08-04,ALL,DOMESTIC,2086,2092990.89,0,"{""USD"":2092990.89}"
2025-08-04,ALL,INTERNATIONAL,108,84334.94,0,"{""BRL"":131500,""CAD"":83674}"
2025-08-05,ALL,ALL,2705,3331555.21,0,"{""CAD"":127342.9,""EUR"":15300,""USD"":3224439.18}"
2025-08-05,ALL,DOMESTIC,2650,3224439.18,0,"{""USD"":3224439.18}"
2025-08-05,ALL,INTERNATIONAL,55,107116.03,0,"{""CAD"":127342.9,""EUR"":15300}"
2025-08-06,ALL,ALL,2498,2773249.38,0,"{""CAD"":128985,""USD"":2679194.61,""ZAR"":53352}"
2025-08-06,ALL,DOMESTIC,2454,2679194.61,0,"{""USD"":2679194.61}"
2025-08-06,ALL,INTERNATIONAL,44,94054.77,0,"{""CAD"":128985,""ZAR"":53352}"
2025-08-07,ALL,ALL,2592,2777470.44,0,"{""BRL"":499704,""CAD"":171029.6,""MXN"":133826,""USD"":2552782.63}"
2025-08-07,ALL,DOMESTIC,2469,2552782.63,0,"{""USD"":2552782.63}"
2025-08-07,ALL,INTERNATIONAL,123,224687.81,0,"{""BRL"":499704,""CAD"":171029.6,""MXN"":133826}"
2025-08-08,ALL,ALL,1960,2330222.75,0,"{""BRL"":303360,""CAD"":70097,""MXN"":411350,""USD"":2198685.03}"
2025-08-08,ALL,DOMESTIC,1934,2198685.03,0,"{""USD"":2198685.03}"
2025-08-08,ALL,INTERNATIONAL,26,131537.72,0,"{""BRL"":303360,""CAD"":70097,""MXN"":411350}"
2025-08-09,ALL,ALL,1098,437121.21,0,"{""CAD"":19800,""USD"":423181.95}"
2025-08-09,ALL,DOMESTIC,1096,423181.95,0,"{""USD"":423181.95}"
2025-08-09,ALL,INTERNATIONAL,2,13939.26,0,"{""CAD"":19800}"
2025-08-10,ALL,ALL,1265,684407.51,0,"{""CAD"":29553,""USD"":663602.1}"
2025-08-10,ALL,DOMESTIC,1257,663602.1,0,"{""USD"":663602.1}"
2025-08-10,ALL,INTERNATIONAL,8,20805.41,0,"{""CAD"":29553}"
2025-08-11,ALL,ALL,2447,3041898.13,0,"{""BRL"":148904,""CAD"":144098.99,""MXN"":2319290.96,""USD"":2778999.31}"
2025-08-11,ALL,DOMESTIC,2385,2778999.31,0,"{""USD"":2778999.31}"
2025-08-11,ALL,INTERNATIONAL,62,262898.82,0,"{""BRL"":148904,""CAD"":144098.99,""MXN"":2319290.96}"
2025-08-12,ALL,ALL,2919,3374063.64,0,"{""BRL"":226111,""CAD"":141576,""MXN"":379764,""USD"":3206870.71,""ZAR"":34125}"
2025-08-12,ALL,DOMESTIC,2869,3206870.71,0,"{""USD"":3206870.71}"
2025-08-12,ALL,INTERNATIONAL,50,167192.93,0,"{""BRL"":226111,""CAD"":141576,""MXN"":379764,""ZAR"":34125}"
2025-08-13,ALL,ALL,2387,2286994.99,0,"{""BRL"":36073,""CAD"":92523.07,""MXN"":163947,""USD"":2204414.91,""ZAR"":17910}"
2025-08-13,ALL,DOMESTIC,2286,2204414.91,0,"{""USD"":2204414.91}"
2025-08-13,ALL,INTERNATIONAL,101,82580.08,0,"{""BRL"":36073,""CAD"":92523.07,""MXN"":163947,""ZAR"":17910}"
2025-08-14,ALL,ALL,2648,4492896.15,0,"{""AUD"":875,""BRL"":126089,""CAD"":221914,""MXN"":1719123.62,""USD"":3744516.49,""ZAR"":7699000}"
2025-08-14,ALL,DOMESTIC,2533,3744516.49,0,"{""USD"":3744516.49}"
2025-08-14,ALL,INTERNATIONAL,115,748379.66,0,"{""AUD"":875,""BRL"":126089,""CAD"":221914,""MXN"":1719123.62,""ZAR"":7699000}"
2025-08-15,ALL,ALL,1963,2001453.93,0,"{""AUD"":900,""BRL"":226000,""CAD"":43724,""CNY"":74300,""MXN"":205777,""USD"":1903661.13}"
2025-08-15,ALL,DOMESTIC,1929,1903661.13,0,"{""USD"":1903661.13}"
2025-08-15,ALL,INTERNATIONAL,34,97792.8,0,"{""AUD"":900,""BRL"":226000,""CAD"":43724,""CNY"":74300,""MXN"":205777}"
2025-08-16,ALL,ALL,1206,359125.15,0,"{""CAD"":2935,""USD"":357058.9}"
2025-08-16,ALL,DOMESTIC,1204,357058.9,0,"{""USD"":357058.9}"
2025-08-16,ALL,INTERNATIONAL,2,2066.25,0,"{""CAD"":2935}"
2025-08-17,ALL,ALL,1234,554896.88,0,"{""CAD"":13728,""USD"":545232.32}"
2025-08-17,ALL,DOMESTIC,1223,545232.32,0,"{""USD"":545232.32}"
2025-08-17,ALL,INTERNATIONAL,11,9664.56,0,"{""CAD"":13728}"
2025-08-18,ALL,ALL,2350,2305159.25,0,"{""AUD"":100,""BRL"":439698,""CAD"":59840.53,""USD"":2177937.99}"
2025-08-18,ALL,DOMESTIC,2293,2177937.99,0,"{""USD"":2177937.99}"
2025-08-18,ALL,INTERNATIONAL,57,127221.26,0,"{""AUD"":100,""BRL"":439698,""CAD"":59840.53}"
2025-08-19,ALL,ALL,2761,2809775.34,0,"{""BRL"":340000,""CAD"":146253.85,""EUR"":31000,""USD"":2605677.26}"
2025-08-19,ALL,DOMESTIC,2651,2605677.26,0,"{""USD"":2605677.26}"
2025-08-19,ALL,INTERNATIONAL,110,204098.08,0,"{""BRL"":340000,""CAD"":146253.85,""EUR"":31000}"
2025-08-20,ALL,ALL,2500,2936550.43,0,"{""BRL"":581308,""CAD"":181304,""USD"":2496895.29,""ZAR"":3277880}"
2025-08-20,ALL,DOMESTIC,2419,2496895.29,0,"{""USD"":2496895.29}"
2025-08-20,ALL,INTERNATIONAL,81,439655.14,0,"{""BRL"":581308,""CAD"":181304,""ZAR"":3277880}"
2025-08-21,ALL,ALL,2948,4333960.58,0,"{""BRL"":282261,""CAD"":484647.91,""EUR"":32780,""GBP"":129312.01,""USD"":3666549.08,""ZAR"":1034000}"
2025-08-21,ALL,DOMESTIC,2687,3660348.46,0,"{""USD"":3660348.46}"
2025-08-21,ALL,INTERNATIONAL,261,673612.12,0,"{""BRL"":282261,""CAD"":484647.91,""EUR"":32780,""GBP"":129312.01,""USD"":6200.62,""ZAR"":1034000}"
2025-08-22,ALL,ALL,1937,2286082.94,0,"{""BRL"":434966,""CAD"":57675,""GBP"":4350,""USD"":2144922.16,""ZAR"":175500}"
2025-08-22,ALL,DOMESTIC,1913,2144922.16,0,"{""USD"":2144922.16}"
2025-08-22,ALL,INTERNATIONAL,24,141160.78,0,"{""BRL"":434966,""CAD"":57675,""GBP"":4350,""ZAR"":175500}"
2025-08-23,ALL,ALL,1191,487899.94,0,"{""CAD"":21234,""USD"":472951.14}"
2025-08-23,ALL,DOMESTIC,1189,472951.14,0,"{""USD"":472951.14}"
2025-08-23,ALL,INTERNATIONAL,2,14948.8,0,"{""CAD"":21234}"
2025-08-24,ALL,ALL,453,623314.42,0,"{""CAD"":4636,""USD"":620050.66}"
2025-08-24,ALL,DOMESTIC,448,620050.66,0,"{""USD"":620050.66}"
2025-08-24,ALL,INTERNATIONAL,5,3263.76,0,"{""CAD"":4636}"
2025-08-25,ALL,ALL,2391,2385906.84,0,"{""BRL"":400000,""CAD"":248880,""USD"":2133346.47}"
2025-08-25,ALL,DOMESTIC,2371,2133346.47,0,"{""USD"":2133346.47}"
2025-08-25,ALL,INTERNATIONAL,20,252560.37,0,"{""BRL"":400000,""CAD"":248880}"
2025-08-26,ALL,ALL,2859,3043508.76,0,"{""BRL"":152299,""CAD"":292936.28,""CNY"":258300,""USD"":2740400.31,""ZAR"":483936.43}"
2025-08-26,ALL,DOMESTIC,2783,2740400.31,0,"{""USD"":2740400.31}"
2025-08-26,ALL,INTERNATIONAL,76,303108.45,0,"{""BRL"":152299,""CAD"":292936.28,""CNY"":258300,""ZAR"":483936.43}"
2025-08-27,ALL,ALL,2795,3338176.88,0,"{""BRL"":336989,""CAD"":125965,""USD"":2951519.64,""ZAR"":3823155}"
2025-08-27,ALL,DOMESTIC,2712,2951519.64,0,"{""USD"":2951519.64}"
2025-08-27,ALL,INTERNATIONAL,83,386657.24,0,"{""BRL"":336989,""CAD"":125965,""ZAR"":3823155}"
2025-08-28,ALL,ALL,2884,5644976.89,0,"{""CAD"":106801.53,""CNY"":1549000,""USD"":5332429.28,""ZAR"":159500}"
2025-08-28,ALL,DOMESTIC,2769,5332429.28,0,"{""USD"":5332429.28}"
2025-08-28,ALL,INTERNATIONAL,115,312547.61,0,"{""CAD"":106801.53,""CNY"":1549000,""ZAR"":159500}"
2025-08-29,ALL,ALL,2154,2823824.78,0,"{""AUD"":62,""BRL"":452754,""CAD"":64482,""USD"":2690837.45}"
2025-08-29,ALL,DOMESTIC,2133,2462023.89,0,"{""USD"":2462023.89}"
2025-08-29,ALL,INTERNATIONAL,21,361800.89,0,"{""AUD"":62,""BRL"":452754,""CAD"":64482,""USD"":228813.56}"
2025-08-30,ALL,ALL,1393,462034.59,0,"{""CAD"":1427,""USD"":461029.98}"
2025-08-30,ALL,DOMESTIC,1387,461029.98,0,"{""USD"":461029.98}"
2025-08-30,ALL,INTERNATIONAL,6,1004.61,0,"{""CAD"":1427}"
2025-08-31,ALL,ALL,918,509853.1,0,"{""CAD"":120,""USD"":509768.62}"
2025-08-31,ALL,DOMESTIC,916,509768.62,0,"{""USD"":509768.62}"
2025-08-31,ALL,INTERNATIONAL,2,84.48,0,"{""CAD"":120}"
2025-09-01,ALL,ALL,1004,1640722.19,0,"{""BRL"":422500,""CAD"":55209,""USD"":1520156}"
2025-09-01,ALL,DOMESTIC,989,1520156,0,"{""USD"":1520156}"
2025-09-01,ALL,INTERNATIONAL,15,120566.19,0,"{""BRL"":422500,""CAD"":55209}"
2025-09-02,ALL,ALL,2475,3173047.26,0,"{""CAD"":102169.54,""USD"":3101119.57}"
2025-09-02,ALL,DOMESTIC,2448,3101119.57,0,"{""USD"":3101119.57}"
2025-09-02,ALL,INTERNATIONAL,27,71927.69,0,"{""CAD"":102169.54}"
2025-09-03,ALL,ALL,2319,3319568.2,0,"{""BRL"":92000,""CAD"":32716,""USD"":3278745.98}"
2025-09-03,ALL,DOMESTIC,2304,3278745.98,0,"{""USD"":3278745.98}"
2025-09-03,ALL,INTERNATIONAL,15,40822.22,0,"{""BRL"":92000,""CAD"":32716}"
2025-09-04,ALL,ALL,2391,2745101.36,0,"{""CAD"":484322,""EUR"":17225,""GBP"":1100,""USD"":2383016.6}"
2025-09-04,ALL,DOMESTIC,2331,2383016.6,0,"{""USD"":2383016.6}"
2025-09-04,ALL,INTERNATIONAL,60,362084.76,0,"{""CAD"":484322,""EUR"":17225,""GBP"":1100}"
2025-09-05,ALL,ALL,1910,2126890.59,0,"{""BRL"":142500,""CAD"":143235,""USD"":1998497.44}"
2025-09-05,ALL,DOMESTIC,1873,1998497.44,0,"{""USD"":1998497.44}"
2025-09-05,ALL,INTERNATIONAL,37,128393.15,0,"{""BRL"":142500,""CAD"":143235}"
2025-09-06,ALL,ALL,1163,519427.01,0,"{""CAD"":1025,""USD"":518705.41}"
2025-09-06,ALL,DOMESTIC,1162,518705.41,0,"{""USD"":518705.41}"
2025-09-06,ALL,INTERNATIONAL,1,721.6,0,"{""CAD"":1025}"
2025-09-07,ALL,ALL,1271,536986.62,0,"{""CAD"":38877,""USD"":509617.09}"
2025-09-07,ALL,DOMESTIC,1262,509617.09,0,"{""USD"":509617.09}"
2025-09-07,ALL,INTERNATIONAL,9,27369.53,0,"{""CAD"":38877}"
2025-09-08,ALL,ALL,1935,2527906.71,0,"{""BRL"":129160,""CAD"":118998.42,""MXN"":144926,""USD"":2410866.26}"
2025-09-08,ALL,DOMESTIC,1890,2410866.26,0,"{""USD"":2410866.26}"
2025-09-08,ALL,INTERNATIONAL,45,117040.45,0,"{""BRL"":129160,""CAD"":118998.42,""MXN"":144926}"
2025-09-09,ALL,ALL,2799,4291724.31,0,"{""BRL"":282761,""CAD"":170741,""EUR"":204145,""MXN"":36267,""USD"":3881688.01,""ZAR"":554.99}"
2025-09-09,ALL,DOMESTIC,2743,3347789.7,0,"{""USD"":3347789.7}"
2025-09-09,ALL,INTERNATIONAL,56,943934.61,0,"{""BRL"":282761,""CAD"":170741,""EUR"":204145,""MXN"":36267,""USD"":533898.31,""ZAR"":554.99}"
2025-09-10,ALL,ALL,2362,5394622.41,0,"{""BRL"":38652,""CAD"":145138,""EUR"":3872,""MXN"":373242,""USD"":5259201.7}"
2025-09-10,ALL,DOMESTIC,2321,5259201.7,0,"{""USD"":5259201.7}"
2025-09-10,ALL,INTERNATIONAL,41,135420.71,0,"{""BRL"":38652,""CAD"":145138,""EUR"":3872,""MXN"":373242}"
2025-09-11,ALL,ALL,2218,4208658.81,0,"{""BRL"":275339,""CAD"":383442,""MXN"":247094,""USD"":3519848.52,""ZAR"":5772000}"
2025-09-11,ALL,DOMESTIC,2082,3519461.52,0,"{""USD"":3519461.52}"
2025-09-11,ALL,INTERNATIONAL,136,689197.29,0,"{""BRL"":275339,""CAD"":383442,""MXN"":247094,""USD"":387,""ZAR"":5772000}"
2025-09-12,ALL,ALL,1922,2667795.93,0,"{""AUD"":117,""BRL"":147010,""CAD"":80178,""EUR"":9425,""USD"":2572083.02}"
2025-09-12,ALL,DOMESTIC,1891,2572083.02,0,"{""USD"":2572083.02}"
2025-09-12,ALL,INTERNATIONAL,31,95712.91,0,"{""AUD"":117,""BRL"":147010,""CAD"":80178,""EUR"":9425}"
2025-09-13,ALL,ALL,1205,409789,0,"{""CAD"":3260,""USD"":407493.95}"
2025-09-13,ALL,DOMESTIC,1203,407493.95,0,"{""USD"":407493.95}"
2025-09-13,ALL,INTERNATIONAL,2,2295.05,0,"{""CAD"":3260}"
2025-09-14,ALL,ALL,1139,1025426,0,"{""CAD"":2550,""USD"":1023630.79}"
2025-09-14,ALL,DOMESTIC,1138,1023630.79,0,"{""USD"":1023630.79}"
2025-09-14,ALL,INTERNATIONAL,1,1795.21,0,"{""CAD"":2550}"
2025-09-15,ALL,ALL,2317,3808739.95,0,"{""BRL"":51000,""CAD"":187670.52,""USD"":3666757.42}"
2025-09-15,ALL,DOMESTIC,2268,3666757.42,0,"{""USD"":3666757.42}"
2025-09-15,ALL,INTERNATIONAL,49,141982.53,0,"{""BRL"":51000,""CAD"":187670.52}"
2025-09-16,ALL,ALL,2987,6178961.41,0,"{""BRL"":112497,""CAD"":34751,""EUR"":136737.06,""USD"":5975918.7,""ZAR"":11950}"
2025-09-16,ALL,DOMESTIC,2870,5975918.7,0,"{""USD"":5975918.7}"
2025-09-16,ALL,INTERNATIONAL,117,203042.71,0,"{""BRL"":112497,""CAD"":34751,""EUR"":136737.06,""ZAR"":11950}"
2025-09-17,ALL,ALL,2932,3461117.11,0,"{""CAD"":268497.54,""USD"":3089303.22,""ZAR"":3001700}"
2025-09-17,ALL,DOMESTIC,2821,3089303.22,0,"{""USD"":3089303.22}"
2025-09-17,ALL,INTERNATIONAL,111,371813.89,0,"{""CAD"":268497.54,""ZAR"":3001700}"
2025-09-18,ALL,ALL,2850,6740528.94,0,"{""BRL"":47000,""CAD"":168993.53,""MXN"":665396,""USD"":6568319.58,""ZAR"":100000}"
2025-09-18,ALL,DOMESTIC,2794,6568319.58,0,"{""USD"":6568319.58}"
2025-09-18,ALL,INTERNATIONAL,56,172209.36,0,"{""BRL"":47000,""CAD"":168993.53,""MXN"":665396,""ZAR"":100000}"
2025-09-19,ALL,ALL,2018,1792025.09,0,"{""BRL"":123481,""CAD"":79681,""USD"":1712051.87}"
2025-09-19,ALL,DOMESTIC,1993,1712051.87,0,"{""USD"":1712051.87}"
2025-09-19,ALL,INTERNATIONAL,25,79973.22,0,"{""BRL"":123481,""CAD"":79681}"
2025-09-20,ALL,ALL,1288,473490.6,0,"{""CAD"":33200,""USD"":450117.69}"
2025-09-20,ALL,DOMESTIC,1286,450117.69,0,"{""USD"":450117.69}"
2025-09-20,ALL,INTERNATIONAL,2,23372.91,0,"{""CAD"":33200}"
2025-09-21,ALL,ALL,1305,566483.87,0,"{""USD"":566483.87}"
2025-09-21,ALL,DOMESTIC,1305,566483.87,0,"{""USD"":566483.87}"
2025-09-22,ALL,ALL,2527,3662719.96,0,"{""BRL"":270606,""CAD"":198099,""MXN"":170536,""USD"":3350336.78,""ZAR"":1820150}"
2025-09-22,ALL,DOMESTIC,2464,3350336.78,0,"{""USD"":3350336.78}"
2025-09-22,ALL,INTERNATIONAL,63,312383.18,0,"{""BRL"":270606,""CAD"":198099,""MXN"":170536,""ZAR"":1820150}"
2025-09-23,ALL,ALL,2515,4812638.02,0,"{""BRL"":146779,""CAD"":100360,""GBP"":586994,""USD"":3936237.29}"
2025-09-23,ALL,DOMESTIC,2369,3930737.29,0,"{""USD"":3930737.29}"
2025-09-23,ALL,INTERNATIONAL,146,881900.73,0,"{""BRL"":146779,""CAD"":100360,""GBP"":586994,""USD"":5500}"
2025-09-24,ALL,ALL,2687,3526045.75,0,"{""AUD"":300,""BRL"":459151.72,""CAD"":393332.45,""GBP"":370,""USD"":3159655.58}"
2025-09-24,ALL,DOMESTIC,2622,3159655.58,0,"{""USD"":3159655.58}"
2025-09-24,ALL,INTERNATIONAL,65,366390.17,0,"{""AUD"":300,""BRL"":459151.72,""CAD"":393332.45,""GBP"":370}"
2025-09-25,ALL,ALL,2601,4548527.73,0,"{""BRL"":207000,""CAD"":410552,""EUR"":10257.55,""GBP"":58598.03,""MXN"":2790782.21,""USD"":3968013.54,""ZAR"":41335}"
2025-09-25,ALL,DOMESTIC,2431,3963943.54,0,"{""USD"":3963943.54}"
2025-09-25,ALL,INTERNATIONAL,170,584584.19,0,"{""BRL"":207000,""CAD"":410552,""EUR"":10257.55,""GBP"":58598.03,""MXN"":2790782.21,""USD"":4070,""ZAR"":41335}"
2025-09-26,ALL,ALL,2134,2865441.12,0,"{""BRL"":102681,""CAD"":65941,""GBP"":4410,""USD"":2793322.78}"
2025-09-26,ALL,DOMESTIC,2082,2793322.78,0,"{""USD"":2793322.78}"
2025-09-26,ALL,INTERNATIONAL,52,72118.34,0,"{""BRL"":102681,""CAD"":65941,""GBP"":4410}"
2025-09-27,ALL,ALL,1099,328562.22,0,"{""CAD"":13316,""USD"":319187.71}"
2025-09-27,ALL,DOMESTIC,1095,319187.71,0,"{""USD"":319187.71}"
2025-09-27,ALL,INTERNATIONAL,4,9374.51,0,"{""CAD"":13316}"
2025-09-28,ALL,ALL,1070,470673.91,0,"{""GBP"":3950,""USD"":465442.87}"
2025-09-28,ALL,DOMESTIC,1069,465442.87,0,"{""USD"":465442.87}"
2025-09-28,ALL,INTERNATIONAL,1,5231.04,0,"{""GBP"":3950}"
2025-09-29,ALL,ALL,2787,3616555.61,0,"{""BRL"":163091,""CAD"":17133.5,""MXN"":792887,""USD"":3527605}"
2025-09-29,ALL,DOMESTIC,2736,3527605,0,"{""USD"":3527605}"
2025-09-29,ALL,INTERNATIONAL,51,88950.61,0,"{""BRL"":163091,""CAD"":17133.5,""MXN"":792887}"
2025-09-30,ALL,ALL,2899,4443438.82,0,"{""CAD"":590697.03,""GBP"":57,""MXN"":449755,""USD"":4001785.57}"
2025-09-30,ALL,DOMESTIC,2803,4001785.57,0,"{""USD"":4001785.57}"
2025-09-30,ALL,INTERNATIONAL,96,441653.25,0,"{""CAD"":590697.03,""GBP"":57,""MXN"":449755}"
2025-10-01,ALL,ALL,2333,3136617.65,0,"{""BRL"":158480,""CAD"":242214,""MXN"":128188,""USD"":2928120.8}"
2025-10-01,ALL,DOMESTIC,2246,2928120.8,0,"{""USD"":2928120.8}"
2025-10-01,ALL,INTERNATIONAL,87,208496.85,0,"{""BRL"":158480,""CAD"":242214,""MXN"":128188}"
2025-10-02,ALL,ALL,2273,3300292.12,0,"{""BRL"":182996,""CAD"":332386,""USD"":3030905.34}"
2025-10-02,ALL,DOMESTIC,2205,3030905.34,0,"{""USD"":3030905.34}"
2025-10-02,ALL,INTERNATIONAL,68,269386.78,0,"{""BRL"":182996,""CAD"":332386}"
2025-10-03,ALL,ALL,2059,2491137.6,0,"{""BRL"":250473,""CAD"":61183.5,""USD"":2396938.63,""ZAR"":44200}"
2025-10-03,ALL,DOMESTIC,1970,2396938.63,0,"{""USD"":2396938.63}"
2025-10-03,ALL,INTERNATIONAL,89,94198.97,0,"{""BRL"":250473,""CAD"":61183.5,""ZAR"":44200}"
2025-10-04,ALL,ALL,1082,556560.37,0,"{""CAD"":282,""USD"":556361.84}"
2025-10-04,ALL,DOMESTIC,1078,556361.84,0,"{""USD"":556361.84}"
2025-10-04,ALL,INTERNATIONAL,4,198.53,0,"{""CAD"":282}"
2025-10-05,ALL,ALL,1200,622949.67,0,"{""CAD"":200,""USD"":622808.87}"
2025-10-05,ALL,DOMESTIC,1199,622808.87,0,"{""USD"":622808.87}"
2025-10-05,ALL,INTERNATIONAL,1,140.8,0,"{""CAD"":200}"
2025-10-06,ALL,ALL,2239,2329849.38,0,"{""BRL"":537980,""CAD"":67707,""EUR"":875,""MXN"":224500,""USD"":2161017.42,""ZAR"":54140}"
2025-10-06,ALL,DOMESTIC,2189,2161017.42,0,"{""USD"":2161017.42}"
2025-10-06,ALL,INTERNATIONAL,50,168831.96,0,"{""BRL"":537980,""CAD"":67707,""EUR"":875,""MXN"":224500,""ZAR"":54140}"
2025-10-07,ALL,ALL,2629,2603064.77,0,"{""BRL"":48158,""CAD"":201467,""EUR"":63770.09,""MXN"":237047,""USD"":2331539.12,""ZAR"":558700}"
2025-10-07,ALL,DOMESTIC,2480,2331539.12,0,"{""USD"":2331539.12}"
2025-10-07,ALL,INTERNATIONAL,149,271525.65,0,"{""BRL"":48158,""CAD"":201467,""EUR"":63770.09,""MXN"":237047,""ZAR"":558700}"
2025-10-08,ALL,ALL,1935,1758940.61,0,"{""CAD"":90737,""USD"":1695061.47}"
2025-10-08,ALL,DOMESTIC,1775,1695061.47,0,"{""USD"":1695061.47}"
2025-10-08,ALL,INTERNATIONAL,160,63879.14,0,"{""CAD"":90737}"
2025-10-09,ALL,ALL,2392,4022152.92,0,"{""BRL"":58868,""CAD"":298698,""USD"":3513422.71,""ZAR"":4714000}"
2025-10-09,ALL,DOMESTIC,2318,3513422.71,0,"{""USD"":3513422.71}"
2025-10-09,ALL,INTERNATIONAL,74,508730.21,0,"{""BRL"":58868,""CAD"":298698,""ZAR"":4714000}"
2025-10-10,ALL,ALL,1896,2638317.36,0,"{""CAD"":162719,""MXN"":65162,""USD"":2443836.67,""ZAR"":1251300}"
2025-10-10,ALL,DOMESTIC,1853,2443836.67,0,"{""USD"":2443836.67}"
2025-10-10,ALL,INTERNATIONAL,43,194480.69,0,"{""CAD"":162719,""MXN"":65162,""ZAR"":1251300}"
2025-10-11,ALL,ALL,1107,477292.58,0,"{""CAD"":260,""USD"":477109.54}"
2025-10-11,ALL,DOMESTIC,1106,477109.54,0,"{""USD"":477109.54}"
2025-10-11,ALL,INTERNATIONAL,1,183.04,0,"{""CAD"":260}"
2025-10-12,ALL,ALL,1130,559699.37,0,"{""CAD"":4573,""USD"":556479.96}"
2025-10-12,ALL,DOMESTIC,1125,556479.96,0,"{""USD"":556479.96}"
2025-10-12,ALL,INTERNATIONAL,5,3219.41,0,"{""CAD"":4573}"
2025-10-13,ALL,ALL,2171,2390378.35,0,"{""CAD"":39133,""USD"":2358383.2,""ZAR"":73000}"
2025-10-13,ALL,DOMESTIC,2157,2358383.2,0,"{""USD"":2358383.2}"
2025-10-13,ALL,INTERNATIONAL,14,31995.15,0,"{""CAD"":39133,""ZAR"":73000}"
2025-10-14,ALL,ALL,2741,2678965.88,0,"{""BRL"":360605,""CAD"":45929,""EUR"":54200,""MXN"":364553,""USD"":2453133.97,""ZAR"":673971.54}"
2025-10-14,ALL,DOMESTIC,2685,2453133.97,0,"{""USD"":2453133.97}"
2025-10-14,ALL,INTERNATIONAL,56,225831.91,0,"{""BRL"":360605,""CAD"":45929,""EUR"":54200,""MXN"":364553,""ZAR"":673971.54}"
2025-10-15,ALL,ALL,2324,2619952.58,0,"{""BRL"":112500,""CAD"":182394,""USD"":2382985.59,""ZAR"":1425500}"
2025-10-15,ALL,DOMESTIC,2257,2382985.59,0,"{""USD"":2382985.59}"
2025-10-15,ALL,INTERNATIONAL,67,236966.99,0,"{""BRL"":112500,""CAD"":182394,""ZAR"":1425500}"
2025-10-16,ALL,ALL,2799,3183983.07,0,"{""BRL"":63517,""CAD"":234487,""EUR"":70000,""USD"":2899916.27,""ZAR"":440000}"
2025-10-16,ALL,DOMESTIC,2706,2898591.27,0,"{""USD"":2898591.27}"
2025-10-16,ALL,INTERNATIONAL,93,285391.8,0,"{""BRL"":63517,""CAD"":234487,""EUR"":70000,""USD"":1325,""ZAR"":440000}"
2025-10-17,ALL,ALL,2039,2837640.21,0,"{""BRL"":159477,""CAD"":209492.55,""USD"":2659318.69}"
2025-10-17,ALL,DOMESTIC,1999,2659318.69,0,"{""USD"":2659318.69}"
2025-10-17,ALL,INTERNATIONAL,40,178321.52,0,"{""BRL"":159477,""CAD"":209492.55}"
2025-10-18,ALL,ALL,1005,296161.22,0,"{""CAD"":2610,""USD"":294323.77}"
2025-10-18,ALL,DOMESTIC,1003,294323.77,0,"{""USD"":294323.77}"
2025-10-18,ALL,INTERNATIONAL,2,1837.45,0,"{""CAD"":2610}"
2025-10-19,ALL,ALL,1189,544101.61,0,"{""CAD"":825,""USD"":543520.81}"
2025-10-19,ALL,DOMESTIC,1188,543520.81,0,"{""USD"":543520.81}"
2025-10-19,ALL,INTERNATIONAL,1,580.8,0,"{""CAD"":825}"
2025-10-20,ALL,ALL,2250,2516834.41,0,"{""BRL"":144500,""CAD"":31370,""USD"":2458830.5,""ZAR"":131000}"
2025-10-20,ALL,DOMESTIC,2211,2458830.5,0,"{""USD"":2458830.5}"
2025-10-20,ALL,INTERNATIONAL,39,58003.91,0,"{""BRL"":144500,""CAD"":31370,""ZAR"":131000}"
2025-10-21,ALL,ALL,2689,3721523.73,0,"{""CAD"":799411,""EUR"":54615,""USD"":3092805.65,""ZAR"":58832}"
2025-10-21,ALL,DOMESTIC,2562,3092805.65,0,"{""USD"":3092805.65}"
2025-10-21,ALL,INTERNATIONAL,127,628718.08,0,"{""CAD"":799411,""EUR"":54615,""ZAR"":58832}"
2025-10-22,ALL,ALL,2337,2651200.21,0,"{""CAD"":53410,""USD"":2609218.85,""ZAR"":71935.2}"
2025-10-22,ALL,DOMESTIC,2301,2609218.85,0,"{""USD"":2609218.85}"
2025-10-22,ALL,INTERNATIONAL,36,41981.36,0,"{""CAD"":53410,""ZAR"":71935.2}"
2025-10-23,ALL,ALL,2714,4683442.03,0,"{""BRL"":130584,""CAD"":740750,""EUR"":89793,""USD"":4034194.47}"
2025-10-23,ALL,DOMESTIC,2529,4033019.47,0,"{""USD"":4033019.47}"
2025-10-23,ALL,INTERNATIONAL,185,650422.56,0,"{""BRL"":130584,""CAD"":740750,""EUR"":89793,""USD"":1175}"
2025-10-24,ALL,ALL,1976,4512615.4,0,"{""BRL"":175223,""CAD"":219371.51,""USD"":4324294.25}"
2025-10-24,ALL,DOMESTIC,1908,4324294.25,0,"{""USD"":4324294.25}"
2025-10-24,ALL,INTERNATIONAL,68,188321.15,0,"{""BRL"":175223,""CAD"":219371.51}"
2025-10-25,ALL,ALL,1156,553534.16,0,"{""CAD"":2100,""USD"":552055.75}"
2025-10-25,ALL,DOMESTIC,1154,552055.75,0,"{""USD"":552055.75}"
2025-10-25,ALL,INTERNATIONAL,2,1478.41,0,"{""CAD"":2100}"
2025-10-26,ALL,ALL,1190,648263.33,0,"{""CAD"":3759,""USD"":645616.98}"
2025-10-26,ALL,DOMESTIC,1183,645616.98,0,"{""USD"":645616.98}"
2025-10-26,ALL,INTERNATIONAL,7,2646.35,0,"{""CAD"":3759}"
2025-10-27,ALL,ALL,2351,2530448.18,0,"{""BRL"":113355,""CAD"":84646,""USD"":2448937.65}"
2025-10-27,ALL,DOMESTIC,2318,2448937.65,0,"{""USD"":2448937.65}"
2025-10-27,ALL,INTERNATIONAL,33,81510.53,0,"{""BRL"":113355,""CAD"":84646}"
2025-10-28,ALL,ALL,2881,2915485.87,0,"{""BRL"":75563,""CAD"":88039,""EUR"":950,""MXN"":328000,""USD"":2769559.05,""ZAR"":812700}"
2025-10-28,ALL,DOMESTIC,2830,2769559.05,0,"{""USD"":2769559.05}"
2025-10-28,ALL,INTERNATIONAL,51,145926.82,0,"{""BRL"":75563,""CAD"":88039,""EUR"":950,""MXN"":328000,""ZAR"":812700}"
2025-10-29,ALL,ALL,2566,3473399.1,0,"{""BRL"":111500,""CAD"":41169.5,""MXN"":298655,""USD"":3060460.01,""ZAR"":5670550}"
2025-10-29,ALL,DOMESTIC,2450,3060460.01,0,"{""USD"":3060460.01}"
2025-10-29,ALL,INTERNATIONAL,116,412939.09,0,"{""BRL"":111500,""CAD"":41169.5,""MXN"":298655,""ZAR"":5670550}"
2025-10-30,ALL,ALL,2348,2956620.35,0,"{""BRL"":250461.8,""CAD"":373653,""MXN"":85197,""USD"":2556993.83,""ZAR"":1367397}"
2025-10-30,ALL,DOMESTIC,2173,2556993.83,0,"{""USD"":2556993.83}"
2025-10-30,ALL,INTERNATIONAL,175,399626.52,0,"{""BRL"":250461.8,""CAD"":373653,""MXN"":85197,""ZAR"":1367397}"
2025-10-31,ALL,ALL,2208,2720570.07,0,"{""BRL"":61096,""CAD"":30191.04,""CNY"":732000,""MXN"":979067,""USD"":2523923.43}"
2025-10-31,ALL,DOMESTIC,2177,2523923.43,0,"{""USD"":2523923.43}"
2025-10-31,ALL,INTERNATIONAL,31,196646.64,0,"{""BRL"":61096,""CAD"":30191.04,""CNY"":732000,""MXN"":979067}"
2025-11-01,ALL,ALL,1206,670726.99,0,"{""CAD"":47873,""USD"":637024.24}"
2025-11-01,ALL,DOMESTIC,1199,637024.24,0,"{""USD"":637024.24}"
2025-11-01,ALL,INTERNATIONAL,7,33702.75,0,"{""CAD"":47873}"
2025-11-02,ALL,ALL,1133,454751.3,0,"{""CAD"":1975,""USD"":453360.89}"
2025-11-02,ALL,DOMESTIC,1129,453360.89,0,"{""USD"":453360.89}"
2025-11-02,ALL,INTERNATIONAL,4,1390.41,0,"{""CAD"":1975}"
2025-11-03,ALL,ALL,2298,3002338.56,0,"{""BRL"":60912,""CAD"":51741.03,""MXN"":678983.49,""USD"":2914286.7,""ZAR"":16600}"
2025-11-03,ALL,DOMESTIC,2250,2914286.7,0,"{""USD"":2914286.7}"
2025-11-03,ALL,INTERNATIONAL,48,88051.86,0,"{""BRL"":60912,""CAD"":51741.03,""MXN"":678983.49,""ZAR"":16600}"
2025-11-04,ALL,ALL,2585,2660269.7,0,"{""CAD"":109885,""MXN"":172103,""USD"":2391694.45,""ZAR"":2978400}"
2025-11-04,ALL,DOMESTIC,2470,2391694.45,0,"{""USD"":2391694.45}"
2025-11-04,ALL,INTERNATIONAL,115,268575.25,0,"{""CAD"":109885,""MXN"":172103,""ZAR"":2978400}"
2025-11-05,ALL,ALL,1869,3884246.03,0,"{""BRL"":551710,""CAD"":195337,""MXN"":10200,""USD"":2621649.05,""ZAR"":16714000}"
2025-11-05,ALL,DOMESTIC,1812,2621649.05,0,"{""USD"":2621649.05}"
2025-11-05,ALL,INTERNATIONAL,57,1262596.98,0,"{""BRL"":551710,""CAD"":195337,""MXN"":10200,""ZAR"":16714000}"
2025-11-06,ALL,ALL,2992,5566958.94,0,"{""BRL"":231235,""CAD"":342581,""EUR"":2500,""GBP"":74563,""USD"":4604917.97,""ZAR"":9434980}"
2025-11-06,ALL,DOMESTIC,2640,4602526.72,0,"{""USD"":4602526.72}"
2025-11-06,ALL,INTERNATIONAL,352,964432.22,0,"{""BRL"":231235,""CAD"":342581,""EUR"":2500,""GBP"":74563,""USD"":2391.25,""ZAR"":9434980}"
2025-11-07,ALL,ALL,1975,2825474.3,0,"{""BRL"":312157,""CAD"":90050,""GBP"":3860,""USD"":2691499.01,""ZAR"":83850}"
2025-11-07,ALL,DOMESTIC,1939,2691499.01,0,"{""USD"":2691499.01}"
2025-11-07,ALL,INTERNATIONAL,36,133975.29,0,"{""BRL"":312157,""CAD"":90050,""GBP"":3860,""ZAR"":83850}"
2025-11-08,ALL,ALL,1176,565460.45,0,"{""CAD"":4177,""USD"":562519.83}"
2025-11-08,ALL,DOMESTIC,1171,562519.83,0,"{""USD"":562519.83}"
2025-11-08,ALL,INTERNATIONAL,5,2940.62,0,"{""CAD"":4177}"
2025-11-09,ALL,ALL,1432,844047.14,0,"{""CAD"":2696,""GBP"":400,""USD"":841619.42}"
2025-11-09,ALL,DOMESTIC,1426,841619.42,0,"{""USD"":841619.42}"
2025-11-09,ALL,INTERNATIONAL,6,2427.72,0,"{""CAD"":2696,""GBP"":400}"
2025-11-10,ALL,ALL,2406,3811936.83,0,"{""BRL"":317640,""CAD"":134335,""USD"":3652836.79,""ZAR"":51000}"
2025-11-10,ALL,DOMESTIC,2356,3652836.79,0,"{""USD"":3652836.79}"
2025-11-10,ALL,INTERNATIONAL,50,159100.04,0,"{""BRL"":317640,""CAD"":134335,""ZAR"":51000}"
2025-11-11,ALL,ALL,2306,2522583.46,0,"{""BRL"":566993,""CAD"":136377,""USD"":2314510.46,""ZAR"":39800}"
2025-11-11,ALL,DOMESTIC,2254,2313510.46,0,"{""USD"":2313510.46}"
2025-11-11,ALL,INTERNATIONAL,52,209073,0,"{""BRL"":566993,""CAD"":136377,""USD"":1000,""ZAR"":39800}"
2025-11-12,ALL,ALL,2800,3764648.42,0,"{""BRL"":476327,""CAD"":209186.79,""GBP"":1545,""USD"":2996065.72,""ZAR"":8656780}"
2025-11-12,ALL,DOMESTIC,2592,2996065.72,0,"{""USD"":2996065.72}"
2025-11-12,ALL,INTERNATIONAL,208,768582.7,0,"{""BRL"":476327,""CAD"":209186.79,""GBP"":1545,""ZAR"":8656780}"
2025-11-13,ALL,ALL,2644,4846848.65,0,"{""BRL"":993637,""CAD"":264396,""EUR"":398348.02,""USD"":3646381.27,""ZAR"":6034000}"
2025-11-13,ALL,DOMESTIC,2294,3646381.27,0,"{""USD"":3646381.27}"
2025-11-13,ALL,INTERNATIONAL,350,1200467.38,0,"{""BRL"":993637,""CAD"":264396,""EUR"":398348.02,""ZAR"":6034000}"
2025-11-14,ALL,ALL,2157,2321812.55,0,"{""BRL"":309395,""CAD"":76041,""USD"":2208451.69}"
2025-11-14,ALL,DOMESTIC,2106,2208451.69,0,"{""USD"":2208451.69}"
2025-11-14,ALL,INTERNATIONAL,51,113360.86,0,"{""BRL"":309395,""CAD"":76041}"
2025-11-15,ALL,ALL,1260,637638.03,0,"{""CAD"":292,""USD"":637432.46}"
2025-11-15,ALL,DOMESTIC,1257,637432.46,0,"{""USD"":637432.46}"
2025-11-15,ALL,INTERNATIONAL,3,205.57,0,"{""CAD"":292}"
2025-11-16,ALL,ALL,1149,552569.47,0,"{""CAD"":1104,""USD"":551792.25}"
2025-11-16,ALL,DOMESTIC,1143,551792.25,0,"{""USD"":551792.25}"
2025-11-16,ALL,INTERNATIONAL,6,777.22,0,"{""CAD"":1104}"
2025-11-17,ALL,ALL,2450,4509205.71,0,"{""BRL"":195797,""CAD"":124370,""EUR"":3335,""USD"":4379980.36}"
2025-11-17,ALL,DOMESTIC,2393,4379980.36,0,"{""USD"":4379980.36}"
2025-11-17,ALL,INTERNATIONAL,57,129225.35,0,"{""BRL"":195797,""CAD"":124370,""EUR"":3335}"
2025-11-18,ALL,ALL,2290,2931672.12,0,"{""BRL"":132242,""CAD"":327784.42,""EUR"":660,""MXN"":446081,""USD"":2649070.74}"
2025-11-18,ALL,DOMESTIC,2246,2649070.74,0,"{""USD"":2649070.74}"
2025-11-18,ALL,INTERNATIONAL,44,282601.38,0,"{""BRL"":132242,""CAD"":327784.42,""EUR"":660,""MXN"":446081}"
2025-11-19,ALL,ALL,2225,2603179.87,0,"{""BRL"":460845,""CAD"":241096,""EUR"":29235,""GBP"":56900,""USD"":2048691.8,""ZAR"":3069417.08}"
2025-11-19,ALL,DOMESTIC,2117,2048691.8,0,"{""USD"":2048691.8}"
2025-11-19,ALL,INTERNATIONAL,108,554488.07,0,"{""BRL"":460845,""CAD"":241096,""EUR"":29235,""GBP"":56900,""ZAR"":3069417.08}"
2025-11-20,ALL,ALL,2747,5313975.95,0,"{""CAD"":228747,""EUR"":92616,""GBP"":340,""USD"":5046758.25}"
2025-11-20,ALL,DOMESTIC,2621,5034357.25,0,"{""USD"":5034357.25}"
2025-11-20,ALL,INTERNATIONAL,126,279618.7,0,"{""CAD"":228747,""EUR"":92616,""GBP"":340,""USD"":12401}"
2025-11-21,ALL,ALL,2005,2630263.25,0,"{""AUD"":2132,""BRL"":247050,""CAD"":268674,""EUR"":1025,""MXN"":251586,""USD"":2353783.55,""ZAR"":370000}"
2025-11-21,ALL,DOMESTIC,1937,2353783.55,0,"{""USD"":2353783.55}"
2025-11-21,ALL,INTERNATIONAL,68,276479.7,0,"{""AUD"":2132,""BRL"":247050,""CAD"":268674,""EUR"":1025,""MXN"":251586,""ZAR"":370000}"
2025-11-22,ALL,ALL,1210,597470.75,0,"{""CAD"":6482,""USD"":592907.4}"
2025-11-22,ALL,DOMESTIC,1206,592907.4,0,"{""USD"":592907.4}"
2025-11-22,ALL,INTERNATIONAL,4,4563.35,0,"{""CAD"":6482}"
2025-11-23,ALL,ALL,1249,1167833.29,0,"{""CAD"":1980,""USD"":1166439.36}"
2025-11-23,ALL,DOMESTIC,1242,1166439.36,0,"{""USD"":1166439.36}"
2025-11-23,ALL,INTERNATIONAL,7,1393.93,0,"{""CAD"":1980}"
2025-11-24,ALL,ALL,2084,2215803.63,0,"{""BRL"":44451,""CAD"":92727,""USD"":2124387.45,""ZAR"":288042.78}"
2025-11-24,ALL,DOMESTIC,2045,2124387.45,0,"{""USD"":2124387.45}"
2025-11-24,ALL,INTERNATIONAL,39,91416.18,0,"{""BRL"":44451,""CAD"":92727,""ZAR"":288042.78}"
2025-11-25,ALL,ALL,2293,2845001.91,0,"{""BRL"":401300,""CAD"":88908,""MXN"":1941383.22,""USD"":2593767.5}"
2025-11-25,ALL,DOMESTIC,2232,2589667.5,0,"{""USD"":2589667.5}"
2025-11-25,ALL,INTERNATIONAL,61,255334.41,0,"{""BRL"":401300,""CAD"":88908,""MXN"":1941383.22,""USD"":4100}"
2025-11-26,ALL,ALL,1922,2409691.71,0,"{""BRL"":218118,""CAD"":161897,""USD"":2242314.99,""ZAR"":184302}"
2025-11-26,ALL,DOMESTIC,1852,2242314.99,0,"{""USD"":2242314.99}"
2025-11-26,ALL,INTERNATIONAL,70,167376.72,0,"{""BRL"":218118,""CAD"":161897,""ZAR"":184302}"
2025-11-27,ALL,ALL,748,1165230.28,0,"{""BRL"":247118,""CAD"":213285,""USD"":654488.85,""ZAR"":5136695}"
2025-11-27,ALL,DOMESTIC,603,654488.85,0,"{""USD"":654488.85}"
2025-11-27,ALL,INTERNATIONAL,145,510741.43,0,"{""BRL"":247118,""CAD"":213285,""ZAR"":5136695}"
2025-11-28,ALL,ALL,1822,1385643.05,0,"{""BRL"":78775,""CAD"":155281.4,""USD"":1261073.44,""ZAR"":300}"
2025-11-28,ALL,DOMESTIC,1731,1261073.44,0,"{""USD"":1261073.44}"
2025-11-28,ALL,INTERNATIONAL,91,124569.61,0,"{""BRL"":78775,""CAD"":155281.4,""ZAR"":300}"
2025-11-29,ALL,ALL,919,332344.52,0,"{""CAD"":490,""USD"":331999.56}"
2025-11-29,ALL,DOMESTIC,915,331999.56,0,"{""USD"":331999.56}"
2025-11-29,ALL,INTERNATIONAL,4,344.96,0,"{""CAD"":490}"
2025-11-30,ALL,ALL,1230,774410.03,0,"{""CAD"":48751,""USD"":740089.17}"
2025-11-30,ALL,DOMESTIC,1221,740089.17,0,"{""USD"":740089.17}"
2025-11-30,ALL,INTERNATIONAL,9,34320.86,0,"{""CAD"":48751}"
2025-12-01,ALL,ALL,2487,3582842,0,"{""BRL"":462430,""CAD"":101304.5,""USD"":3422103.16}"
2025-12-01,ALL,DOMESTIC,2445,3422103.16,0,"{""USD"":3422103.16}"
2025-12-01,ALL,INTERNATIONAL,42,160738.84,0,"{""BRL"":462430,""CAD"":101304.5}"
2025-12-02,ALL,ALL,2679,3427274.53,0,"{""BRL"":877894.53,""CAD"":385114,""MXN"":627484,""USD"":2950503.56}"
2025-12-02,ALL,DOMESTIC,2621,2950503.56,0,"{""USD"":2950503.56}"
2025-12-02,ALL,INTERNATIONAL,58,476770.97,0,"{""BRL"":877894.53,""CAD"":385114,""MXN"":627484}"
2025-12-03,ALL,ALL,2242,3096059.35,0,"{""CAD"":77999,""MXN"":734317,""USD"":2994274.59,""ZAR"":80000}"
2025-12-03,ALL,DOMESTIC,2199,2994274.59,0,"{""USD"":2994274.59}"
2025-12-03,ALL,INTERNATIONAL,43,101784.76,0,"{""CAD"":77999,""MXN"":734317,""ZAR"":80000}"
2025-12-04,ALL,ALL,2199,3909991.56,0,"{""BRL"":266354.49,""CAD"":163951,""EUR"":54297,""GBP"":143349.5,""MXN"":259513,""USD"":3296430.46,""ZAR"":2955316.18}"
2025-12-04,ALL,DOMESTIC,1902,3287105.46,0,"{""USD"":3287105.46}"
2025-12-04,ALL,INTERNATIONAL,297,622886.1,0,"{""BRL"":266354.49,""CAD"":163951,""EUR"":54297,""GBP"":143349.5,""MXN"":259513,""USD"":9325,""ZAR"":2955316.18}"
2025-12-05,ALL,ALL,1891,1534377.33,0,"{""BRL"":182740,""CAD"":43093.71,""EUR"":910,""MXN"":422134,""USD"":1442410.35,""ZAR"":18200}"
2025-12-05,ALL,DOMESTIC,1844,1442410.35,0,"{""USD"":1442410.35}"
2025-12-05,ALL,INTERNATIONAL,47,91966.98,0,"{""BRL"":182740,""CAD"":43093.71,""EUR"":910,""MXN"":422134,""ZAR"":18200}"
2025-12-06,ALL,ALL,1301,649725.63,0,"{""CAD"":1929,""GBP"":3100,""USD"":644262.23}"
2025-12-06,ALL,DOMESTIC,1293,644262.23,0,"{""USD"":644262.23}"
2025-12-06,ALL,INTERNATIONAL,8,5463.4,0,"{""CAD"":1929,""GBP"":3100}"
2025-12-07,ALL,ALL,947,320312.42,0,"{""CAD"":25030,""USD"":302691.22}"
2025-12-07,ALL,DOMESTIC,942,302691.22,0,"{""USD"":302691.22}"
2025-12-07,ALL,INTERNATIONAL,5,17621.2,0,"{""CAD"":25030}"
2025-12-08,ALL,ALL,2069,2328422.81,0,"{""BRL"":137000,""CAD"":91728.71,""EUR"":2758,""USD"":2234205.31}"
2025-12-08,ALL,DOMESTIC,1995,2234205.31,0,"{""USD"":2234205.31}"
2025-12-08,ALL,INTERNATIONAL,74,94217.5,0,"{""BRL"":137000,""CAD"":91728.71,""EUR"":2758}"
2025-12-09,ALL,ALL,2658,3204737.85,0,"{""BRL"":208000,""CAD"":384860.97,""MXN"":611335,""USD"":2856779.41,""ZAR"":30000}"
2025-12-09,ALL,DOMESTIC,2567,2856779.41,0,"{""USD"":2856779.41}"
2025-12-09,ALL,INTERNATIONAL,91,347958.44,0,"{""BRL"":208000,""CAD"":384860.97,""MXN"":611335,""ZAR"":30000}"
2025-12-10,ALL,ALL,2071,2935886.76,0,"{""BRL"":430341,""CAD"":383243,""USD"":2582867.36}"
2025-12-10,ALL,DOMESTIC,2006,2582867.36,0,"{""USD"":2582867.36}"
2025-12-10,ALL,INTERNATIONAL,65,353019.4,0,"{""BRL"":430341,""CAD"":383243}"
2025-12-11,ALL,ALL,2830,5507353.56,0,"{""AUD"":200,""BRL"":361000,""CAD"":835348,""GBP"":405,""MXN"":1074500,""USD"":4515559.64,""ZAR"":4462810}"
2025-12-11,ALL,DOMESTIC,2693,4448449.64,0,"{""USD"":4448449.64}"
2025-12-11,ALL,INTERNATIONAL,137,1058903.92,0,"{""AUD"":200,""BRL"":361000,""CAD"":835348,""GBP"":405,""MXN"":1074500,""USD"":67110,""ZAR"":4462810}"
2025-12-12,ALL,ALL,1832,1547811.7,0,"{""BRL"":753454,""CAD"":79831,""GBP"":310,""USD"":1345504.4}"
2025-12-12,ALL,DOMESTIC,1795,1345504.4,0,"{""USD"":1345504.4}"
2025-12-12,ALL,INTERNATIONAL,37,202307.3,0,"{""BRL"":753454,""CAD"":79831,""GBP"":310}"
2025-12-13,ALL,ALL,1173,478318.01,0,"{""CAD"":20483,""USD"":463897.91}"
2025-12-13,ALL,DOMESTIC,1168,463897.91,0,"{""USD"":463897.91}"
2025-12-13,ALL,INTERNATIONAL,5,14420.1,0,"{""CAD"":20483}"
2025-12-14,ALL,ALL,1156,520643.22,0,"{""CAD"":1255,""USD"":519759.7}"
2025-12-14,ALL,DOMESTIC,1154,519759.7,0,"{""USD"":519759.7}"
2025-12-14,ALL,INTERNATIONAL,2,883.52,0,"{""CAD"":1255}"
2025-12-15,ALL,ALL,2057,2631806.83,0,"{""BRL"":638044,""CAD"":22696,""USD"":2492450.13}"
2025-12-15,ALL,DOMESTIC,2026,2492450.13,0,"{""USD"":2492450.13}"
2025-12-15,ALL,INTERNATIONAL,31,139356.7,0,"{""BRL"":638044,""CAD"":22696}"
2025-12-16,ALL,ALL,2667,2853847.81,0,"{""BRL"":637803,""CAD"":203823.2,""EUR"":227689,""USD"":2327097.8}"
2025-12-16,ALL,DOMESTIC,2484,2327097.8,0,"{""USD"":2327097.8}"
2025-12-16,ALL,INTERNATIONAL,183,526750.01,0,"{""BRL"":637803,""CAD"":203823.2,""EUR"":227689}"
2025-12-17,ALL,ALL,2197,2689836.73,0,"{""BRL"":271595,""CAD"":84025.1,""GBP"":220666,""USD"":2285933.39}"
2025-12-17,ALL,DOMESTIC,2081,2169633.39,0,"{""USD"":2169633.39}"
2025-12-17,ALL,INTERNATIONAL,116,520203.34,0,"{""BRL"":271595,""CAD"":84025.1,""GBP"":220666,""USD"":116300}"
2025-12-18,ALL,ALL,2258,6539169.8,0,"{""BRL"":129773,""CAD"":207562.33,""USD"":6367951.03}"
2025-12-18,ALL,DOMESTIC,2216,5139880.35,0,"{""USD"":5139880.35}"
2025-12-18,ALL,INTERNATIONAL,42,1399289.45,0,"{""BRL"":129773,""CAD"":207562.33,""USD"":1228070.68}"
2025-12-19,ALL,ALL,1768,2419580.24,0,"{""BRL"":344706,""CAD"":35701,""GBP"":11750,""MXN"":17000,""USD"":2311257.73}"
2025-12-19,ALL,DOMESTIC,1730,2311257.73,0,"{""USD"":2311257.73}"
2025-12-19,ALL,INTERNATIONAL,38,108322.51,0,"{""BRL"":344706,""CAD"":35701,""GBP"":11750,""MXN"":17000}"
2025-12-20,ALL,ALL,1041,401569.65,0,"{""USD"":401569.65}"
2025-12-20,ALL,DOMESTIC,1041,401569.65,0,"{""USD"":401569.65}"
2025-12-21,ALL,ALL,1013,485531.29,0,"{""CAD"":16,""USD"":485520.03}"
2025-12-21,ALL,DOMESTIC,1012,485520.03,0,"{""USD"":485520.03}"
2025-12-21,ALL,INTERNATIONAL,1,11.26,0,"{""CAD"":16}"
2025-12-22,ALL,ALL,1598,3112873.65,0,"{""BRL"":245380,""CAD"":67341.65,""USD"":3018015.75}"
2025-12-22,ALL,DOMESTIC,1557,3018015.75,0,"{""USD"":3018015.75}"
2025-12-22,ALL,INTERNATIONAL,41,94857.9,0,"{""BRL"":245380,""CAD"":67341.65}"
2025-12-23,ALL,ALL,1955,5732694.16,0,"{""BRL"":18178.93,""CAD"":317677.51,""USD"":5505532.9}"
2025-12-23,ALL,DOMESTIC,1920,5505532.9,0,"{""USD"":5505532.9}"
2025-12-23,ALL,INTERNATIONAL,35,227161.26,0,"{""BRL"":18178.93,""CAD"":317677.51}"
2025-12-24,ALL,ALL,631,747433.45,0,"{""CAD"":15637,""USD"":736424.95}"
2025-12-24,ALL,DOMESTIC,622,736424.95,0,"{""USD"":736424.95}"
2025-12-24,ALL,INTERNATIONAL,9,11008.5,0,"{""CAD"":15637}"
2025-12-25,ALL,ALL,311,286118.01,0,"{""CAD"":1830,""USD"":284829.68}"
2025-12-25,ALL,DOMESTIC,305,284829.68,0,"{""USD"":284829.68}"
2025-12-25,ALL,INTERNATIONAL,6,1288.33,0,"{""CAD"":1830}"
2025-12-26,ALL,ALL,1588,1097237.32,0,"{""BRL"":320906,""CAD"":74630,""USD"":982643.93}"
2025-12-26,ALL,DOMESTIC,1567,982643.93,0,"{""USD"":982643.93}"
2025-12-26,ALL,INTERNATIONAL,21,114593.39,0,"{""BRL"":320906,""CAD"":74630}"
2025-12-27,ALL,ALL,909,227533.64,0,"{""CAD"":1335,""USD"":226593.8}"
2025-12-27,ALL,DOMESTIC,906,226593.8,0,"{""USD"":226593.8}"
2025-12-27,ALL,INTERNATIONAL,3,939.84,0,"{""CAD"":1335}"
2025-12-28,ALL,ALL,890,490517.79,0,"{""CAD"":4001.71,""USD"":487700.57}"
2025-12-28,ALL,DOMESTIC,875,487700.57,0,"{""USD"":487700.57}"
2025-12-28,ALL,INTERNATIONAL,15,2817.22,0,"{""CAD"":4001.71}"
2025-12-29,ALL,ALL,1795,2779163.2,0,"{""BRL"":780466,""CAD"":33082,""USD"":2604954.57}"
2025-12-29,ALL,DOMESTIC,1761,2604954.57,0,"{""USD"":2604954.57}"
2025-12-29,ALL,INTERNATIONAL,34,174208.63,0,"{""BRL"":780466,""CAD"":33082}"
2025-12-30,ALL,ALL,1752,2301283.95,0,"{""BRL"":413222,""CAD"":122106,""USD"":2135416.15}"
2025-12-30,ALL,DOMESTIC,1724,2135416.15,0,"{""USD"":2135416.15}"
2025-12-30,ALL,INTERNATIONAL,28,165867.8,0,"{""BRL"":413222,""CAD"":122106}"
2025-12-31,ALL,ALL,693,965625.34,0,"{""CAD"":21644.2,""USD"":950387.75}"
2025-12-31,ALL,DOMESTIC,670,950387.75,0,"{""USD"":950387.75}"
2025-12-31,ALL,INTERNATIONAL,23,15237.59,0,"{""CAD"":21644.2}"
2026-01-01,ALL,ALL,224,370535.67,0,"{""CAD"":3855,""USD"":367821.74}"
2026-01-01,ALL,DOMESTIC,216,367821.74,0,"{""USD"":367821.74}"
2026-01-01,ALL,INTERNATIONAL,8,2713.93,0,"{""CAD"":3855}"
2026-01-02,ALL,ALL,1635,908469.01,0,"{""AUD"":500,""BRL"":287599,""CAD"":11292,""USD"":844561.97}"
2026-01-02,ALL,DOMESTIC,1597,844561.97,0,"{""USD"":844561.97}"
2026-01-02,ALL,INTERNATIONAL,38,63907.04,0,"{""AUD"":500,""BRL"":287599,""CAD"":11292}"
2026-01-03,ALL,ALL,881,150208.83,0,"{""CAD"":330,""USD"":149976.51}"
2026-01-03,ALL,DOMESTIC,876,149976.51,0,"{""USD"":149976.51}"
2026-01-03,ALL,INTERNATIONAL,5,232.32,0,"{""CAD"":330}"
2026-01-04,ALL,ALL,890,224598.49,0,"{""CAD"":4957,""USD"":221108.75}"
2026-01-04,ALL,DOMESTIC,861,221108.75,0,"{""USD"":221108.75}"
2026-01-04,ALL,INTERNATIONAL,29,3489.74,0,"{""CAD"":4957}"
2026-01-05,ALL,ALL,1842,2097645.69,0,"{""BRL"":265981,""CAD"":38251,""USD"":2019284.09}"
2026-01-05,ALL,DOMESTIC,1782,2019284.09,0,"{""USD"":2019284.09}"
2026-01-05,ALL,INTERNATIONAL,60,78361.6,0,"{""BRL"":265981,""CAD"":38251}"
2026-01-06,ALL,ALL,1924,2179298.03,0,"{""BRL"":324368,""CAD"":38599.99,""MXN"":380029,""USD"":2067663.49}"
2026-01-06,ALL,DOMESTIC,1891,2067663.49,0,"{""USD"":2067663.49}"
2026-01-06,ALL,INTERNATIONAL,33,111634.54,0,"{""BRL"":324368,""CAD"":38599.99,""MXN"":380029}"
2026-01-07,ALL,ALL,1580,2561661.99,0,"{""BRL"":643656,""CAD"":36460,""USD"":2411530.2}"
2026-01-07,ALL,DOMESTIC,1548,2389530.2,0,"{""USD"":2389530.2}"
2026-01-07,ALL,INTERNATIONAL,32,172131.79,0,"{""BRL"":643656,""CAD"":36460,""USD"":22000}"
2026-01-08,ALL,ALL,1736,2097282.75,0,"{""CAD"":150743.44,""MXN"":324343,""USD"":1972607.07}"
2026-01-08,ALL,DOMESTIC,1682,1972607.07,0,"{""USD"":1972607.07}"
2026-01-08,ALL,INTERNATIONAL,54,124675.68,0,"{""CAD"":150743.44,""MXN"":324343}"
2026-01-09,ALL,ALL,1520,1534398.36,0,"{""BRL"":386473,""CAD"":26834,""MXN"":1048450,""USD"":1380805.44}"
2026-01-09,ALL,DOMESTIC,1488,1380805.44,0,"{""USD"":1380805.44}"
2026-01-09,ALL,INTERNATIONAL,32,153592.92,0,"{""BRL"":386473,""CAD"":26834,""MXN"":1048450}"
2026-01-10,ALL,ALL,980,334099.16,0,"{""CAD"":2104,""USD"":332617.94}"
2026-01-10,ALL,DOMESTIC,973,332617.94,0,"{""USD"":332617.94}"
2026-01-10,ALL,INTERNATIONAL,7,1481.22,0,"{""CAD"":2104}"
2026-01-11,ALL,ALL,881,290471.2,0,"{""CAD"":2252.1,""USD"":288885.71}"
2026-01-11,ALL,DOMESTIC,878,288885.71,0,"{""USD"":288885.71}"
2026-01-11,ALL,INTERNATIONAL,3,1585.49,0,"{""CAD"":2252.1}"
2026-01-12,ALL,ALL,1871,2040428.5,0,"{""BRL"":115843,""CAD"":23435,""USD"":2001529.61}"
2026-01-12,ALL,DOMESTIC,1864,2001529.61,0,"{""USD"":2001529.61}"
2026-01-12,ALL,INTERNATIONAL,7,38898.89,0,"{""BRL"":115843,""CAD"":23435}"
2026-01-13,ALL,ALL,2546,2779737.18,0,"{""BRL"":627812,""CAD"":9447,""GBP"":3999,""MXN"":533180,""USD"":2615893.56}"
2026-01-13,ALL,DOMESTIC,2504,2615893.56,0,"{""USD"":2615893.56}"
2026-01-13,ALL,INTERNATIONAL,42,163843.62,0,"{""BRL"":627812,""CAD"":9447,""GBP"":3999,""MXN"":533180}"
2026-01-14,ALL,ALL,2037,2365375.83,0,"{""BRL"":355846,""CAD"":20329,""MXN"":342000,""USD"":2233435.46,""ZAR"":480443.35}"
2026-01-14,ALL,DOMESTIC,2007,2233435.46,0,"{""USD"":2233435.46}"
2026-01-14,ALL,INTERNATIONAL,30,131940.37,0,"{""BRL"":355846,""CAD"":20329,""MXN"":342000,""ZAR"":480443.35}"
2026-01-15,ALL,ALL,2089,2958804.24,0,"{""BRL"":532064,""CAD"":84424,""EUR"":42300,""MXN"":555000,""USD"":2389805.53,""ZAR"":5364000}"
2026-01-15,ALL,DOMESTIC,2013,2389805.53,0,"{""USD"":2389805.53}"
2026-01-15,ALL,INTERNATIONAL,76,568998.71,0,"{""BRL"":532064,""CAD"":84424,""EUR"":42300,""MXN"":555000,""ZAR"":5364000}"
2026-01-16,ALL,ALL,1813,2136520.3,0,"{""BRL"":273212,""CAD"":1274,""USD"":2082053.83,""ZAR"":12127.8}"
2026-01-16,ALL,DOMESTIC,1794,2082053.83,0,"{""USD"":2082053.83}"
2026-01-16,ALL,INTERNATIONAL,19,54466.47,0,"{""BRL"":273212,""CAD"":1274,""ZAR"":12127.8}"
2026-01-17,ALL,ALL,1127,519873.27,0,"{""CAD"":2191,""USD"":518330.8}"
2026-01-17,ALL,DOMESTIC,1118,518330.8,0,"{""USD"":518330.8}"
2026-01-17,ALL,INTERNATIONAL,9,1542.47,0,"{""CAD"":2191}"
2026-01-18,ALL,ALL,1022,347694.69,0,"{""CAD"":9075,""USD"":341305.86}"
2026-01-18,ALL,DOMESTIC,1019,341305.86,0,"{""USD"":341305.86}"
2026-01-18,ALL,INTERNATIONAL,3,6388.83,0,"{""CAD"":9075}"
2026-01-19,ALL,ALL,1487,2335262.95,0,"{""BRL"":480663,""CAD"":58534,""USD"":2201108.97}"
2026-01-19,ALL,DOMESTIC,1460,2201108.97,0,"{""USD"":2201108.97}"
2026-01-19,ALL,INTERNATIONAL,27,134153.98,0,"{""BRL"":480663,""CAD"":58534}"
2026-01-20,ALL,ALL,2988,3149055.94,0,"{""CAD"":53295,""EUR"":100,""USD"":3111125.06,""ZAR"":4875}"
2026-01-20,ALL,DOMESTIC,2974,3111125.06,0,"{""USD"":3111125.06}"
2026-01-20,ALL,INTERNATIONAL,14,37930.88,0,"{""CAD"":53295,""EUR"":100,""ZAR"":4875}"
2026-01-21,ALL,ALL,2374,2763961.1,0,"{""CAD"":138809.7,""MXN"":283500,""USD"":2481652.5,""ZAR"":2764897}"
2026-01-21,ALL,DOMESTIC,2260,2481652.5,0,"{""USD"":2481652.5}"
2026-01-21,ALL,INTERNATIONAL,114,282308.6,0,"{""CAD"":138809.7,""MXN"":283500,""ZAR"":2764897}"
2026-01-22,ALL,ALL,2805,5488387.1,0,"{""CAD"":60707,""EUR"":454087,""MXN"":534500,""USD"":4896699.02}"
2026-01-22,ALL,DOMESTIC,2467,4882396.02,0,"{""USD"":4882396.02}"
2026-01-22,ALL,INTERNATIONAL,338,605991.08,0,"{""CAD"":60707,""EUR"":454087,""MXN"":534500,""USD"":14303}"
2026-01-23,ALL,ALL,1994,2301182.26,0,"{""BRL"":217514,""CAD"":4571,""EUR"":8360,""USD"":2222284.18,""ZAR"":395360}"
2026-01-23,ALL,DOMESTIC,1960,2222284.18,0,"{""USD"":2222284.18}"
2026-01-23,ALL,INTERNATIONAL,34,78898.08,0,"{""BRL"":217514,""CAD"":4571,""EUR"":8360,""ZAR"":395360}"
2026-01-24,ALL,ALL,1029,458612.79,0,"{""CAD"":285,""USD"":458412.15}"
2026-01-24,ALL,DOMESTIC,1026,458412.15,0,"{""USD"":458412.15}"
2026-01-24,ALL,INTERNATIONAL,3,200.64,0,"{""CAD"":285}"
2026-01-25,ALL,ALL,934,509082.08,0,"{""CAD"":623,""USD"":508643.49}"
2026-01-25,ALL,DOMESTIC,930,508643.49,0,"{""USD"":508643.49}"
2026-01-25,ALL,INTERNATIONAL,4,438.59,0,"{""CAD"":623}"
2026-01-26,ALL,ALL,1726,2236904.54,0,"{""CAD"":378172.69,""USD"":1970669.74}"
2026-01-26,ALL,DOMESTIC,1668,1970669.74,0,"{""USD"":1970669.74}"
2026-01-26,ALL,INTERNATIONAL,58,266234.8,0,"{""CAD"":378172.69}"
2026-01-27,ALL,ALL,2254,2527523.29,0,"{""BRL"":41760,""CAD"":116473,""CNY"":372506,""EUR"":67748,""USD"":2305366.15}"
2026-01-27,ALL,DOMESTIC,2192,2305366.15,0,"{""USD"":2305366.15}"
2026-01-27,ALL,INTERNATIONAL,62,222157.14,0,"{""BRL"":41760,""CAD"":116473,""CNY"":372506,""EUR"":67748}"
2026-01-28,ALL,ALL,2053,2712357.3,0,"{""BRL"":1047708,""CAD"":99620,""EUR"":5350,""USD"":2351123.59,""ZAR"":1353100}"
2026-01-28,ALL,DOMESTIC,1986,2351123.59,0,"{""USD"":2351123.59}"
2026-01-28,ALL,INTERNATIONAL,67,361233.71,0,"{""BRL"":1047708,""CAD"":99620,""EUR"":5350,""ZAR"":1353100}"
2026-01-29,ALL,ALL,2034,3104314.69,0,"{""BRL"":91900,""CAD"":23326,""EUR"":20506,""GBP"":60154.5,""USD"":2861687.55,""ZAR"":1730205}"
2026-01-29,ALL,DOMESTIC,1794,2861437.55,0,"{""USD"":2861437.55}"
2026-01-29,ALL,INTERNATIONAL,240,242877.14,0,"{""BRL"":91900,""CAD"":23326,""EUR"":20506,""GBP"":60154.5,""USD"":250,""ZAR"":1730205}"
2026-01-30,ALL,ALL,1634,2915739.98,0,"{""BRL"":664524,""CAD"":21129.71,""EUR"":450,""USD"":2771851.8}"
2026-01-30,ALL,DOMESTIC,1598,2771851.8,0,"{""USD"":2771851.8}"
2026-01-30,ALL,INTERNATIONAL,36,143888.18,0,"{""BRL"":664524,""CAD"":21129.71,""EUR"":450}"
2026-01-31,ALL,ALL,951,522277.31,0,"{""CAD"":3350,""USD"":519918.9}"
2026-01-31,ALL,DOMESTIC,938,519918.9,0,"{""USD"":519918.9}"
2026-01-31,ALL,INTERNATIONAL,13,2358.41,0,"{""CAD"":3350}"
2026-02-01,ALL,ALL,740,359923.05,0,"{""CAD"":364,""USD"":359666.79}"
2026-02-01,ALL,DOMESTIC,737,359666.79,0,"{""USD"":359666.79}"
2026-02-01,ALL,INTERNATIONAL,3,256.26,0,"{""CAD"":364}"
2026-02-02,ALL,ALL,1651,5393465.75,0,"{""BRL"":220111,""CAD"":84848,""GBP"":500,""USD"":5288494.83,""ZAR"":33050}"
2026-02-02,ALL,DOMESTIC,1592,5288494.83,0,"{""USD"":5288494.83}"
2026-02-02,ALL,INTERNATIONAL,59,104970.92,0,"{""BRL"":220111,""CAD"":84848,""GBP"":500,""ZAR"":33050}"
2026-02-03,ALL,ALL,2168,2235966.54,0,"{""BRL"":169737,""CAD"":55066,""USD"":2164377.83}"
2026-02-03,ALL,DOMESTIC,2142,2164377.83,0,"{""USD"":2164377.83}"
2026-02-03,ALL,INTERNATIONAL,26,71588.71,0,"{""BRL"":169737,""CAD"":55066}"
2026-02-04,ALL,ALL,1907,2409140.54,0,"{""BRL"":418749,""CAD"":87457,""GBP"":28584,""MXN"":32400,""USD"":2177668.46,""ZAR"":808285}"
2026-02-04,ALL,DOMESTIC,1837,2177668.46,0,"{""USD"":2177668.46}"
2026-02-04,ALL,INTERNATIONAL,70,231472.08,0,"{""BRL"":418749,""CAD"":87457,""GBP"":28584,""MXN"":32400,""ZAR"":808285}"
2026-02-05,ALL,ALL,1916,3011170.03,0,"{""BRL"":216560,""CAD"":74247,""GBP"":6250,""USD"":2908746.71}"
2026-02-05,ALL,DOMESTIC,1873,2908746.71,0,"{""USD"":2908746.71}"
2026-02-05,ALL,INTERNATIONAL,43,102423.32,0,"{""BRL"":216560,""CAD"":74247,""GBP"":6250}"
2026-02-06,ALL,ALL,1459,2140628.06,0,"{""BRL"":88900,""CAD"":6747,""MXN"":159000,""USD"":2088279.54,""ZAR"":350000}"
2026-02-06,ALL,DOMESTIC,1427,2088279.54,0,"{""USD"":2088279.54}"
2026-02-06,ALL,INTERNATIONAL,32,52348.52,0,"{""BRL"":88900,""CAD"":6747,""MXN"":159000,""ZAR"":350000}"
2026-02-07,ALL,ALL,935,650294.87,0,"{""CAD"":840,""USD"":649703.51}"
2026-02-07,ALL,DOMESTIC,930,649703.51,0,"{""USD"":649703.51}"
2026-02-07,ALL,INTERNATIONAL,5,591.36,0,"{""CAD"":840}"
2026-02-08,ALL,ALL,784,321023.91,0,"{""CAD"":350,""USD"":320777.51}"
2026-02-08,ALL,DOMESTIC,783,320777.51,0,"{""USD"":320777.51}"
2026-02-08,ALL,INTERNATIONAL,1,246.4,0,"{""CAD"":350}"
2026-02-09,ALL,ALL,1874,4406355.79,0,"{""BRL"":734542,""CAD"":83956,""USD"":4205212.02}"
2026-02-09,ALL,DOMESTIC,1825,2205212.02,0,"{""USD"":2205212.02}"
2026-02-09,ALL,INTERNATIONAL,49,2201143.77,0,"{""BRL"":734542,""CAD"":83956,""USD"":2000000}"
2026-02-10,ALL,ALL,2126,3015109.41,0,"{""BRL"":144317,""CAD"":93700,""MXN"":506944,""USD"":2892241.47}"
2026-02-10,ALL,DOMESTIC,2083,2892241.47,0,"{""USD"":2892241.47}"
2026-02-10,ALL,INTERNATIONAL,43,122867.94,0,"{""BRL"":144317,""CAD"":93700,""MXN"":506944}"
2026-02-11,ALL,ALL,1800,1927544.3,0,"{""BRL"":561944,""CAD"":64019,""USD"":1773811.54}"
2026-02-11,ALL,DOMESTIC,1732,1773811.54,0,"{""USD"":1773811.54}"
2026-02-11,ALL,INTERNATIONAL,68,153732.76,0,"{""BRL"":561944,""CAD"":64019}"
2026-02-12,ALL,ALL,2112,4524215.96,0,"{""BRL"":64024,""CAD"":144720.06,""GBP"":109885,""MXN"":427000,""USD"":3926758.71,""ZAR"":5144000}"
2026-02-12,ALL,DOMESTIC,1866,3926758.71,0,"{""USD"":3926758.71}"
2026-02-12,ALL,INTERNATIONAL,246,597457.25,0,"{""BRL"":64024,""CAD"":144720.06,""GBP"":109885,""MXN"":427000,""ZAR"":5144000}"
2026-02-13,ALL,ALL,1543,2311216.58,0,"{""BRL"":73000,""CAD"":29710,""GBP"":12,""USD"":2276168.73}"
2026-02-13,ALL,DOMESTIC,1513,2276168.73,0,"{""USD"":2276168.73}"
2026-02-13,ALL,INTERNATIONAL,30,35047.85,0,"{""BRL"":73000,""CAD"":29710,""GBP"":12}"
2026-02-14,ALL,ALL,1108,359435.63,0,"{""AUD"":100,""CAD"":9748,""USD"":352504.13}"
2026-02-14,ALL,DOMESTIC,1102,352504.13,0,"{""USD"":352504.13}"
2026-02-14,ALL,INTERNATIONAL,6,6931.5,0,"{""AUD"":100,""CAD"":9748}"
2026-02-15,ALL,ALL,1464,1417956.71,0,"{""AUD"":750,""CAD"":2508,""USD"":1415674.49}"
2026-02-15,ALL,DOMESTIC,1447,1415674.49,0,"{""USD"":1415674.49}"
2026-02-15,ALL,INTERNATIONAL,17,2282.22,0,"{""AUD"":750,""CAD"":2508}"
2026-02-16,ALL,ALL,1949,2152859.67,0,"{""CAD"":26984,""GBP"":265,""MXN"":509082,""USD"":2104393.37}"
2026-02-16,ALL,DOMESTIC,1925,2104393.37,0,"{""USD"":2104393.37}"
2026-02-16,ALL,INTERNATIONAL,24,48466.3,0,"{""CAD"":26984,""GBP"":265,""MXN"":509082}"
2026-02-17,ALL,ALL,2519,2757245.74,0,"{""CAD"":69029,""USD"":2708649.1}"
2026-02-17,ALL,DOMESTIC,2489,2708649.1,0,"{""USD"":2708649.1}"
2026-02-17,ALL,INTERNATIONAL,30,48596.64,0,"{""CAD"":69029}"
2026-02-18,ALL,ALL,2494,2138445.59,0,"{""BRL"":260369,""CAD"":103228,""USD"":2015425.16}"
2026-02-18,ALL,DOMESTIC,2453,2010025.16,0,"{""USD"":2010025.16}"
2026-02-18,ALL,INTERNATIONAL,41,128420.43,0,"{""BRL"":260369,""CAD"":103228,""USD"":5400}"
2026-02-19,ALL,ALL,2643,4363276.9,0,"{""BRL"":35000,""CAD"":203252,""USD"":4213418.88}"
2026-02-19,ALL,DOMESTIC,2545,4035613.88,0,"{""USD"":4035613.88}"
2026-02-19,ALL,INTERNATIONAL,98,327663.02,0,"{""BRL"":35000,""CAD"":203252,""USD"":177805}"
2026-02-20,ALL,ALL,2112,2859322.52,0,"{""BRL"":716275,""CAD"":20282,""USD"":2670274.94,""ZAR"":595490}"
2026-02-20,ALL,DOMESTIC,2054,2670274.94,0,"{""USD"":2670274.94}"
2026-02-20,ALL,INTERNATIONAL,58,189047.58,0,"{""BRL"":716275,""CAD"":20282,""ZAR"":595490}"
2026-02-21,ALL,ALL,1128,413754.72,0,"{""CAD"":2242,""USD"":412176.34}"
2026-02-21,ALL,DOMESTIC,1119,412176.34,0,"{""USD"":412176.34}"
2026-02-21,ALL,INTERNATIONAL,9,1578.38,0,"{""CAD"":2242}"
2026-02-22,ALL,ALL,1267,650086.58,0,"{""CAD"":574,""USD"":649682.48}"
2026-02-22,ALL,DOMESTIC,1262,649682.48,0,"{""USD"":649682.48}"
2026-02-22,ALL,INTERNATIONAL,5,404.1,0,"{""CAD"":574}"
2026-02-23,ALL,ALL,1927,2519841.37,0,"{""BRL"":461964,""CAD"":56328,""USD"":2390856.24}"
2026-02-23,ALL,DOMESTIC,1868,2390856.24,0,"{""USD"":2390856.24}"
2026-02-23,ALL,INTERNATIONAL,59,128985.13,0,"{""BRL"":461964,""CAD"":56328}"
2026-02-24,ALL,ALL,2731,3198013.04,0,"{""BRL"":902391,""CAD"":83662,""USD"":2868138.49,""ZAR"":1584360}"
2026-02-24,ALL,DOMESTIC,2592,2868138.49,0,"{""USD"":2868138.49}"
2026-02-24,ALL,INTERNATIONAL,139,329874.55,0,"{""BRL"":902391,""CAD"":83662,""ZAR"":1584360}"
2026-02-25,ALL,ALL,2636,5539078.69,0,"{""BRL"":426157,""CAD"":80740.01,""MXN"":253000,""USD"":5376225.95,""ZAR"":150000}"
2026-02-25,ALL,DOMESTIC,2573,5376225.95,0,"{""USD"":5376225.95}"
2026-02-25,ALL,INTERNATIONAL,63,162852.74,0,"{""BRL"":426157,""CAD"":80740.01,""MXN"":253000,""ZAR"":150000}"
2026-02-26,ALL,ALL,2761,5069223.57,0,"{""BRL"":71000,""CAD"":44348.97,""EUR"":170775,""USD"":4576304.22,""ZAR"":4154880}"
2026-02-26,ALL,DOMESTIC,2603,4564479.22,0,"{""USD"":4564479.22}"
2026-02-26,ALL,INTERNATIONAL,158,504744.35,0,"{""BRL"":71000,""CAD"":44348.97,""EUR"":170775,""USD"":11825,""ZAR"":4154880}"
2026-02-27,ALL,ALL,2847,2912287.18,0,"{""BRL"":512327,""CAD"":37475,""EUR"":500,""MXN"":408280,""USD"":2762912.29}"
2026-02-27,ALL,DOMESTIC,2799,2762912.29,0,"{""USD"":2762912.29}"
2026-02-27,ALL,INTERNATIONAL,48,149374.89,0,"{""BRL"":512327,""CAD"":37475,""EUR"":500,""MXN"":408280}"
2026-02-28,ALL,ALL,1213,480665.08,0,"{""CAD"":951,""USD"":479995.57}"
2026-02-28,ALL,DOMESTIC,1210,479995.57,0,"{""USD"":479995.57}"
2026-02-28,ALL,INTERNATIONAL,3,669.51,0,"{""CAD"":951}"
2026-03-01,ALL,ALL,1234,609423.75,0,"{""CAD"":1721,""USD"":608212.16}"
2026-03-01,ALL,DOMESTIC,1228,608212.16,0,"{""USD"":608212.16}"
2026-03-01,ALL,INTERNATIONAL,6,1211.59,0,"{""CAD"":1721}"
2026-03-02,ALL,ALL,2362,2491873.4,0,"{""BRL"":384055,""CAD"":183754,""USD"":2288245.23}"
2026-03-02,ALL,DOMESTIC,2321,2288245.23,0,"{""USD"":2288245.23}"
2026-03-02,ALL,INTERNATIONAL,41,203628.17,0,"{""BRL"":384055,""CAD"":183754}"
2026-03-03,ALL,ALL,2761,2683022.13,0,"{""BRL"":285417.22,""CAD"":76522.48,""MXN"":218386,""USD"":2561467.63}"
2026-03-03,ALL,DOMESTIC,2722,2561467.63,0,"{""USD"":2561467.63}"
2026-03-03,ALL,INTERNATIONAL,39,121554.5,0,"{""BRL"":285417.22,""CAD"":76522.48,""MXN"":218386}"
2026-03-04,ALL,ALL,2355,4720243.04,0,"{""BRL"":343671,""CAD"":93712,""USD"":4430459.19,""ZAR"":2584000}"
2026-03-04,ALL,DOMESTIC,2245,4301339.19,0,"{""USD"":4301339.19}"
2026-03-04,ALL,INTERNATIONAL,110,418903.85,0,"{""BRL"":343671,""CAD"":93712,""USD"":129120,""ZAR"":2584000}"
2026-03-05,ALL,ALL,2766,5159205.32,0,"{""CAD"":344939.8,""EUR"":3000,""GBP"":500,""MXN"":765787.68,""USD"":4868432.39,""ZAR"":750}"
2026-03-05,ALL,DOMESTIC,2715,4868432.39,0,"{""USD"":4868432.39}"
2026-03-05,ALL,INTERNATIONAL,51,290772.93,0,"{""CAD"":344939.8,""EUR"":3000,""GBP"":500,""MXN"":765787.68,""ZAR"":750}"
2026-03-06,ALL,ALL,2159,2516266.55,0,"{""BRL"":615233,""CAD"":46133.25,""USD"":2250316.03,""ZAR"":1880343.08}"
2026-03-06,ALL,DOMESTIC,2103,2250316.03,0,"{""USD"":2250316.03}"
2026-03-06,ALL,INTERNATIONAL,56,265950.52,0,"{""BRL"":615233,""CAD"":46133.25,""ZAR"":1880343.08}"
2026-03-07,ALL,ALL,1439,678974.65,0,"{""CAD"":1365,""USD"":678013.69}"
2026-03-07,ALL,DOMESTIC,1434,678013.69,0,"{""USD"":678013.69}"
2026-03-07,ALL,INTERNATIONAL,5,960.96,0,"{""CAD"":1365}"
2026-03-08,ALL,ALL,1377,636977.11,0,"{""CAD"":324,""USD"":636749.01}"
2026-03-08,ALL,DOMESTIC,1371,636749.01,0,"{""USD"":636749.01}"
2026-03-08,ALL,INTERNATIONAL,6,228.1,0,"{""CAD"":324}"
2026-03-09,ALL,ALL,2506,3185832.99,0,"{""BRL"":369814,""CAD"":34878.68,""MXN"":300000,""USD"":3072607.88}"
2026-03-09,ALL,DOMESTIC,2481,3072607.88,0,"{""USD"":3072607.88}"
2026-03-09,ALL,INTERNATIONAL,25,113225.11,0,"{""BRL"":369814,""CAD"":34878.68,""MXN"":300000}"
2026-03-10,ALL,ALL,2864,2874640.98,0,"{""BRL"":11752.25,""CAD"":147368,""USD"":2768620.9}"
2026-03-10,ALL,DOMESTIC,2834,2768620.9,0,"{""USD"":2768620.9}"
2026-03-10,ALL,INTERNATIONAL,30,106020.08,0,"{""BRL"":11752.25,""CAD"":147368}"
2026-03-11,ALL,ALL,2647,2917495.3,0,"{""BRL"":173526,""CAD"":527654,""GBP"":2625,""USD"":2437039.7,""ZAR"":1181600}"
2026-03-11,ALL,DOMESTIC,2584,2437039.7,0,"{""USD"":2437039.7}"
2026-03-11,ALL,INTERNATIONAL,63,480455.6,0,"{""BRL"":173526,""CAD"":527654,""GBP"":2625,""ZAR"":1181600}"
2026-03-12,ALL,ALL,2691,2897812.62,0,"{""BRL"":50400,""CAD"":151773,""EUR"":5605,""GBP"":82058,""USD"":2512265.42,""ZAR"":2527000}"
2026-03-12,ALL,DOMESTIC,2462,2512265.42,0,"{""USD"":2512265.42}"
2026-03-12,ALL,INTERNATIONAL,229,385547.2,0,"{""BRL"":50400,""CAD"":151773,""EUR"":5605,""GBP"":82058,""ZAR"":2527000}"
2026-03-13,ALL,ALL,2248,2855950.06,0,"{""BRL"":150033,""CAD"":112778,""GBP"":2410,""USD"":2691182.41,""ZAR"":873100}"
2026-03-13,ALL,DOMESTIC,2169,2691182.41,0,"{""USD"":2691182.41}"
2026-03-13,ALL,INTERNATIONAL,79,164767.65,0,"{""BRL"":150033,""CAD"":112778,""GBP"":2410,""ZAR"":873100}"
2026-03-14,ALL,ALL,1237,618830.79,0,"{""USD"":618830.79}"
2026-03-14,ALL,DOMESTIC,1237,618830.79,0,"{""USD"":618830.79}"
2026-03-15,ALL,ALL,1206,773807.3,0,"{""CAD"":40887,""EUR"":651,""GBP"":350,""USD"":743816.04}"
2026-03-15,ALL,DOMESTIC,1199,743816.04,0,"{""USD"":743816.04}"
2026-03-15,ALL,INTERNATIONAL,7,29991.26,0,"{""CAD"":40887,""EUR"":651,""GBP"":350}"
2026-03-16,ALL,ALL,2142,2906423.32,0,"{""BRL"":261588,""CAD"":56057.56,""GBP"":1300,""USD"":2814653.71}"
2026-03-16,ALL,DOMESTIC,2099,2814653.71,0,"{""USD"":2814653.71}"
2026-03-16,ALL,INTERNATIONAL,43,91769.61,0,"{""BRL"":261588,""CAD"":56057.56,""GBP"":1300}"
2026-03-17,ALL,ALL,2667,3120073.32,0,"{""BRL"":115812,""CAD"":72973,""EUR"":65680,""USD"":2877790.51,""ZAR"":1536000}"
2026-03-17,ALL,DOMESTIC,2543,2877790.51,0,"{""USD"":2877790.51}"
2026-03-17,ALL,INTERNATIONAL,124,242282.81,0,"{""BRL"":115812,""CAD"":72973,""EUR"":65680,""ZAR"":1536000}"
2026-03-18,ALL,ALL,2520,3602655.21,0,"{""BRL"":163010,""CAD"":55685.42,""USD"":3419828.26,""ZAR"":1840900}"
2026-03-18,ALL,DOMESTIC,2328,2812260.26,0,"{""USD"":2812260.26}"
2026-03-18,ALL,INTERNATIONAL,192,790394.95,0,"{""BRL"":163010,""CAD"":55685.42,""USD"":607568,""ZAR"":1840900}"
2026-03-19,ALL,ALL,3355,6270241.05,0,"{""BRL"":72414,""CAD"":145754,""EUR"":87207,""USD"":5787989.46,""ZAR"":4369494.39}"
2026-03-19,ALL,DOMESTIC,3075,5776539.46,0,"{""USD"":5776539.46}"
2026-03-19,ALL,INTERNATIONAL,280,493701.59,0,"{""BRL"":72414,""CAD"":145754,""EUR"":87207,""USD"":11450,""ZAR"":4369494.39}"
2026-03-20,ALL,ALL,1842,4127389.87,0,"{""CAD"":50585,""EUR"":1920,""MXN"":68363,""USD"":4085675.79}"
2026-03-20,ALL,DOMESTIC,1802,4085675.79,0,"{""USD"":4085675.79}"
2026-03-20,ALL,INTERNATIONAL,40,41714.08,0,"{""CAD"":50585,""EUR"":1920,""MXN"":68363}"
2026-03-21,ALL,ALL,1087,525460.78,0,"{""CAD"":1564,""USD"":524359.72}"
2026-03-21,ALL,DOMESTIC,1080,524359.72,0,"{""USD"":524359.72}"
2026-03-21,ALL,INTERNATIONAL,7,1101.06,0,"{""CAD"":1564}"
2026-03-22,ALL,ALL,1022,557765.07,0,"{""CAD"":3125,""USD"":555565.06}"
2026-03-22,ALL,DOMESTIC,1021,555565.06,0,"{""USD"":555565.06}"
2026-03-22,ALL,INTERNATIONAL,1,2200.01,0,"{""CAD"":3125}"
2026-03-23,ALL,ALL,2188,3226886.69,0,"{""BRL"":258986,""CAD"":108055,""MXN"":590200.8,""USD"":3060639.37,""ZAR"":104075}"
2026-03-23,ALL,DOMESTIC,2151,2967419.04,0,"{""USD"":2967419.04}"
2026-03-23,ALL,INTERNATIONAL,37,259467.65,0,"{""BRL"":258986,""CAD"":108055,""MXN"":590200.8,""USD"":93220.33,""ZAR"":104075}"
2026-03-24,ALL,ALL,2579,3614551.11,0,"{""BRL"":156120,""CAD"":187734,""USD"":3452196.82}"
2026-03-24,ALL,DOMESTIC,2519,3451186.82,0,"{""USD"":3451186.82}"
2026-03-24,ALL,INTERNATIONAL,60,163364.29,0,"{""BRL"":156120,""CAD"":187734,""USD"":1010}"
2026-03-25,ALL,ALL,2264,2801618.04,0,"{""BRL"":506190.19,""CAD"":121106.4,""CNY"":174216,""USD"":2530272.57,""ZAR"":1027999}"
2026-03-25,ALL,DOMESTIC,2200,2530272.57,0,"{""USD"":2530272.57}"
2026-03-25,ALL,INTERNATIONAL,64,271345.47,0,"{""BRL"":506190.19,""CAD"":121106.4,""CNY"":174216,""ZAR"":1027999}"
2026-03-26,ALL,ALL,2506,4222769.58,0,"{""BRL"":293523,""CAD"":47752.25,""MXN"":1101579,""USD"":4061702.41,""ZAR"":126160}"
2026-03-26,ALL,DOMESTIC,2417,4059902.41,0,"{""USD"":4059902.41}"
2026-03-26,ALL,INTERNATIONAL,89,162867.17,0,"{""BRL"":293523,""CAD"":47752.25,""MXN"":1101579,""USD"":1800,""ZAR"":126160}"
2026-03-27,ALL,ALL,1876,2206340.43,0,"{""BRL"":49574,""CAD"":34791,""USD"":2172218.7,""ZAR"":700}"
2026-03-27,ALL,DOMESTIC,1838,2172218.7,0,"{""USD"":2172218.7}"
2026-03-27,ALL,INTERNATIONAL,38,34121.73,0,"{""BRL"":49574,""CAD"":34791,""ZAR"":700}"
2026-03-28,ALL,ALL,1331,689183.08,0,"{""CAD"":65199,""USD"":643282.77}"
2026-03-28,ALL,DOMESTIC,1324,643282.77,0,"{""USD"":643282.77}"
2026-03-28,ALL,INTERNATIONAL,7,45900.31,0,"{""CAD"":65199}"
2026-03-29,ALL,ALL,1214,586472.67,0,"{""CAD"":3128,""USD"":584270.55}"
2026-03-29,ALL,DOMESTIC,1203,584270.55,0,"{""USD"":584270.55}"
2026-03-29,ALL,INTERNATIONAL,11,2202.12,0,"{""CAD"":3128}"
2026-03-30,ALL,ALL,2465,3121465.88,0,"{""BRL"":522092,""CAD"":67712.5,""MXN"":207046,""USD"":2960996.43}"
2026-03-30,ALL,DOMESTIC,2401,2960996.43,0,"{""USD"":2960996.43}"
2026-03-30,ALL,INTERNATIONAL,64,160469.45,0,"{""BRL"":522092,""CAD"":67712.5,""MXN"":207046}"
2026-03-31,ALL,ALL,2843,3544615.29,0,"{""AUD"":256,""BRL"":714324,""CAD"":23964,""MXN"":281930,""USD"":3302340.15,""ZAR"":1165488.75}"
2026-03-31,ALL,DOMESTIC,2767,3302340.15,0,"{""USD"":3302340.15}"
2026-03-31,ALL,INTERNATIONAL,76,242275.14,0,"{""AUD"":256,""BRL"":714324,""CAD"":23964,""MXN"":281930,""ZAR"":1165488.75}"
2026-04-01,ALL,ALL,2429,2925549.61,0,"{""BRL"":60339,""CAD"":54795.95,""MXN"":339833.81,""USD"":2855867.47}"
2026-04-01,ALL,DOMESTIC,2371,2855867.47,0,"{""USD"":2855867.47}"
2026-04-01,ALL,INTERNATIONAL,58,69682.14,0,"{""BRL"":60339,""CAD"":54795.95,""MXN"":339833.81}"
2026-04-02,ALL,ALL,2212,2799185.36,0,"{""BRL"":84611,""CAD"":53357.06,""USD"":2745260.58}"
2026-04-02,ALL,DOMESTIC,2169,2745260.58,0,"{""USD"":2745260.58}"
2026-04-02,ALL,INTERNATIONAL,43,53924.78,0,"{""BRL"":84611,""CAD"":53357.06}"
2026-04-03,ALL,ALL,2024,1668509.81,0,"{""CAD"":33061.71,""USD"":1645234.26}"
2026-04-03,ALL,DOMESTIC,1986,1645234.26,0,"{""USD"":1645234.26}"
2026-04-03,ALL,INTERNATIONAL,38,23275.55,0,"{""CAD"":33061.71}"
2026-04-04,ALL,ALL,1241,578897.52,0,"{""CAD"":157,""USD"":578786.99}"
2026-04-04,ALL,DOMESTIC,1239,578786.99,0,"{""USD"":578786.99}"
2026-04-04,ALL,INTERNATIONAL,2,110.53,0,"{""CAD"":157}"
2026-04-05,ALL,ALL,1285,442603.34,0,"{""CAD"":123,""USD"":442516.75}"
2026-04-05,ALL,DOMESTIC,1284,442516.75,0,"{""USD"":442516.75}"
2026-04-05,ALL,INTERNATIONAL,1,86.59,0,"{""CAD"":123}"
2026-04-06,ALL,ALL,2329,2845304.19,0,"{""BRL"":317630,""CAD"":140461,""EUR"":300,""MXN"":101850,""USD"":2678830.94}"
2026-04-06,ALL,DOMESTIC,2291,2678830.94,0,"{""USD"":2678830.94}"
2026-04-06,ALL,INTERNATIONAL,38,166473.25,0,"{""BRL"":317630,""CAD"":140461,""EUR"":300,""MXN"":101850}"
2026-04-07,ALL,ALL,2899,2874472.26,0,"{""BRL"":571463,""CAD"":101109,""GBP"":52,""USD"":2692718.47}"
2026-04-07,ALL,DOMESTIC,2840,2692718.47,0,"{""USD"":2692718.47}"
2026-04-07,ALL,INTERNATIONAL,59,181753.79,0,"{""BRL"":571463,""CAD"":101109,""GBP"":52}"
2026-04-08,ALL,ALL,2181,1989731.24,0,"{""BRL"":515457,""CAD"":87142.86,""USD"":1816377.02,""ZAR"":202500}"
2026-04-08,ALL,DOMESTIC,2118,1816377.02,0,"{""USD"":1816377.02}"
2026-04-08,ALL,INTERNATIONAL,63,173354.22,0,"{""BRL"":515457,""CAD"":87142.86,""ZAR"":202500}"
2026-04-09,ALL,ALL,2880,5368720.68,0,"{""BRL"":469759,""CAD"":188022.5,""USD"":4922164.52,""ZAR"":3667750}"
2026-04-09,ALL,DOMESTIC,2734,4906802.52,0,"{""USD"":4906802.52}"
2026-04-09,ALL,INTERNATIONAL,146,461918.16,0,"{""BRL"":469759,""CAD"":188022.5,""USD"":15362,""ZAR"":3667750}"
2026-04-10,ALL,ALL,1956,2253234.31,0,"{""BRL"":402427,""CAD"":17674,""USD"":2116784.98,""ZAR"":758500}"
2026-04-10,ALL,DOMESTIC,1920,2116784.98,0,"{""USD"":2116784.98}"
2026-04-10,ALL,INTERNATIONAL,36,136449.33,0,"{""BRL"":402427,""CAD"":17674,""ZAR"":758500}"
2026-04-11,ALL,ALL,1311,676461.08,0,"{""CAD"":40,""USD"":676432.92}"
2026-04-11,ALL,DOMESTIC,1308,676432.92,0,"{""USD"":676432.92}"
2026-04-11,ALL,INTERNATIONAL,3,28.16,0,"{""CAD"":40}"
2026-04-12,ALL,ALL,1235,601452.41,0,"{""CAD"":99053,""USD"":531718.78}"
2026-04-12,ALL,DOMESTIC,1233,531718.78,0,"{""USD"":531718.78}"
2026-04-12,ALL,INTERNATIONAL,2,69733.63,0,"{""CAD"":99053}"
2026-04-13,ALL,ALL,2431,2734586.73,0,"{""BRL"":365754,""CAD"":56553.16,""USD"":2624047.23}"
2026-04-13,ALL,DOMESTIC,2413,2624047.23,0,"{""USD"":2624047.23}"
2026-04-13,ALL,INTERNATIONAL,18,110539.5,0,"{""BRL"":365754,""CAD"":56553.16}"
2026-04-14,ALL,ALL,2813,2846312.98,0,"{""BRL"":47300,""CAD"":60883,""USD"":2794304.74}"
2026-04-14,ALL,DOMESTIC,2791,2794304.74,0,"{""USD"":2794304.74}"
2026-04-14,ALL,INTERNATIONAL,22,52008.24,0,"{""BRL"":47300,""CAD"":60883}"
2026-04-15,ALL,ALL,2566,2822643.65,0,"{""BRL"":156991,""CAD"":133845,""GBP"":166935,""MXN"":558511,""USD"":2408891.14,""ZAR"":593600}"
2026-04-15,ALL,DOMESTIC,2463,2408891.14,0,"{""USD"":2408891.14}"
2026-04-15,ALL,INTERNATIONAL,103,413752.51,0,"{""BRL"":156991,""CAD"":133845,""GBP"":166935,""MXN"":558511,""ZAR"":593600}"
2026-04-16,ALL,ALL,2482,3130491.1,0,"{""BRL"":225363,""CAD"":572649,""GBP"":6600,""USD"":2675025.41}"
2026-04-16,ALL,DOMESTIC,2363,2675025.41,0,"{""USD"":2675025.41}"
2026-04-16,ALL,INTERNATIONAL,119,455465.69,0,"{""BRL"":225363,""CAD"":572649,""GBP"":6600}"
2026-04-17,ALL,ALL,1951,3405783.26,0,"{""BRL"":322596,""CAD"":121604,""USD"":3257640.99,""ZAR"":2500}"
2026-04-17,ALL,DOMESTIC,1807,3243640.99,0,"{""USD"":3243640.99}"
2026-04-17,ALL,INTERNATIONAL,144,162142.27,0,"{""BRL"":322596,""CAD"":121604,""USD"":14000,""ZAR"":2500}"
2026-04-18,ALL,ALL,1205,496415.39,0,"{""CAD"":2268,""USD"":494818.71}"
2026-04-18,ALL,DOMESTIC,1201,494818.71,0,"{""USD"":494818.71}"
2026-04-18,ALL,INTERNATIONAL,4,1596.68,0,"{""CAD"":2268}"
2026-04-19,ALL,ALL,1288,520649.53,0,"{""CAD"":210,""USD"":520501.69}"
2026-04-19,ALL,DOMESTIC,1286,520501.69,0,"{""USD"":520501.69}"
2026-04-19,ALL,INTERNATIONAL,2,147.84,0,"{""CAD"":210}"
2026-04-20,ALL,ALL,2433,3174000.07,0,"{""BRL"":77000,""CAD"":41328,""USD"":3130015.53}"
2026-04-20,ALL,DOMESTIC,2403,3130015.53,0,"{""USD"":3130015.53}"
2026-04-20,ALL,INTERNATIONAL,30,43984.54,0,"{""BRL"":77000,""CAD"":41328}"
2026-04-21,ALL,ALL,2891,3767444.57,0,"{""CAD"":140482,""EUR"":140049,""USD"":3508667.3}"
2026-04-21,ALL,DOMESTIC,2728,3508667.3,0,"{""USD"":3508667.3}"
2026-04-21,ALL,INTERNATIONAL,163,258777.27,0,"{""CAD"":140482,""EUR"":140049}"
2026-04-22,ALL,ALL,2523,2373993.55,0,"{""BRL"":320171,""CAD"":97239,""USD"":2057660.84,""ZAR"":3053820}"
2026-04-22,ALL,DOMESTIC,2380,2025410.84,0,"{""USD"":2025410.84}"
2026-04-22,ALL,INTERNATIONAL,143,348582.71,0,"{""BRL"":320171,""CAD"":97239,""USD"":32250,""ZAR"":3053820}"
2026-04-23,ALL,ALL,2776,5102273.23,0,"{""BRL"":715167,""CAD"":288176,""EUR"":13195,""GBP"":109243,""USD"":4588452.16,""ZAR"":212118.33}"
2026-04-23,ALL,DOMESTIC,2532,4581485.16,0,"{""USD"":4581485.16}"
2026-04-23,ALL,INTERNATIONAL,244,520788.07,0,"{""BRL"":715167,""CAD"":288176,""EUR"":13195,""GBP"":109243,""USD"":6967,""ZAR"":212118.33}"
2026-04-24,ALL,ALL,2034,2481133.09,0,"{""BRL"":483106,""CAD"":15897,""EUR"":4000,""USD"":2356821.33,""ZAR"":248549.84}"
2026-04-24,ALL,DOMESTIC,2001,2354571.33,0,"{""USD"":2354571.33}"
2026-04-24,ALL,INTERNATIONAL,33,126561.76,0,"{""BRL"":483106,""CAD"":15897,""EUR"":4000,""USD"":2250,""ZAR"":248549.84}"
2026-04-25,ALL,ALL,1246,717953.4,0,"{""CAD"":36230,""GBP"":300,""USD"":692050.07}"
2026-04-25,ALL,DOMESTIC,1241,692050.07,0,"{""USD"":692050.07}"
2026-04-25,ALL,INTERNATIONAL,5,25903.33,0,"{""CAD"":36230,""GBP"":300}"
2026-04-26,ALL,ALL,1253,492886.06,0,"{""CAD"":1596,""USD"":491762.47}"
2026-04-26,ALL,DOMESTIC,1248,491762.47,0,"{""USD"":491762.47}"
2026-04-26,ALL,INTERNATIONAL,5,1123.59,0,"{""CAD"":1596}"
2026-04-27,ALL,ALL,2341,3256967.75,0,"{""CAD"":147891.84,""USD"":3152851.41}"
2026-04-27,ALL,DOMESTIC,2285,3150851.41,0,"{""USD"":3150851.41}"
2026-04-27,ALL,INTERNATIONAL,56,106116.34,0,"{""CAD"":147891.84,""USD"":2000}"
2026-04-28,ALL,ALL,2531,2537925.26,0,"{""BRL"":128584.73,""CAD"":195812,""USD"":2373881.5,""ZAR"":21791.93}"
2026-04-28,ALL,DOMESTIC,2499,2373881.5,0,"{""USD"":2373881.5}"
2026-04-28,ALL,INTERNATIONAL,32,164043.76,0,"{""BRL"":128584.73,""CAD"":195812,""ZAR"":21791.93}"
2026-04-29,ALL,ALL,2243,2698194.3,0,"{""BRL"":613619,""CAD"":101708.5,""EUR"":1500,""USD"":2505274.43,""ZAR"":15580.9}"
2026-04-29,ALL,DOMESTIC,2182,2505274.43,0,"{""USD"":2505274.43}"
2026-04-29,ALL,INTERNATIONAL,61,192919.87,0,"{""BRL"":613619,""CAD"":101708.5,""EUR"":1500,""ZAR"":15580.9}"
2026-04-30,ALL,ALL,2515,4319454.19,0,"{""AUD"":92,""BRL"":530210,""CAD"":362933,""USD"":3953222.49,""ZAR"":133598.17}"
2026-04-30,ALL,DOMESTIC,2402,3953222.49,0,"{""USD"":3953222.49}"
2026-04-30,ALL,INTERNATIONAL,113,366231.7,0,"{""AUD"":92,""BRL"":530210,""CAD"":362933,""ZAR"":133598.17}"
2026-05-01,ALL,ALL,1860,2343100.6,0,"{""CAD"":139672,""USD"":2244771.06}"
2026-05-01,ALL,DOMESTIC,1822,2244771.06,0,"{""USD"":2244771.06}"
2026-05-01,ALL,INTERNATIONAL,38,98329.54,0,"{""CAD"":139672}"
2026-05-02,ALL,ALL,1531,493913.71,0,"{""CAD"":309,""USD"":493696.17}"
2026-05-02,ALL,DOMESTIC,1528,493696.17,0,"{""USD"":493696.17}"
2026-05-02,ALL,INTERNATIONAL,3,217.54,0,"{""CAD"":309}"
2026-05-03,ALL,ALL,1351,531839.6,0,"{""CAD"":220,""USD"":531684.72}"
2026-05-03,ALL,DOMESTIC,1350,531684.72,0,"{""USD"":531684.72}"
2026-05-03,ALL,INTERNATIONAL,1,154.88,0,"{""CAD"":220}"
2026-05-04,ALL,ALL,2462,3187385.58,0,"{""BRL"":181000,""CAD"":339924,""MXN"":495782.04,""USD"":2884567.95,""ZAR"":2500}"
2026-05-04,ALL,DOMESTIC,2428,2884567.95,0,"{""USD"":2884567.95}"
2026-05-04,ALL,INTERNATIONAL,34,302817.63,0,"{""BRL"":181000,""CAD"":339924,""MXN"":495782.04,""ZAR"":2500}"
2026-05-05,ALL,ALL,2824,3678289.04,0,"{""BRL"":350314,""CAD"":125888.5,""USD"":3203107.76,""ZAR"":5235425.19}"
2026-05-05,ALL,DOMESTIC,2717,3206662.98,0,"{""CAD"":5050,""USD"":3203107.76}"
2026-05-05,ALL,INTERNATIONAL,107,471626.06,0,"{""BRL"":350314,""CAD"":120838.5,""ZAR"":5235425.19}"
2026-05-06,ALL,ALL,2660,3343965.37,0,"{""AUD"":400,""BRL"":134274,""CAD"":259999.01,""MXN"":420669.17,""USD"":3107335.28,""ZAR"":54000}"
2026-05-06,ALL,DOMESTIC,2575,3107335.28,0,"{""USD"":3107335.28}"
2026-05-06,ALL,INTERNATIONAL,85,236630.09,0,"{""AUD"":400,""BRL"":134274,""CAD"":259999.01,""MXN"":420669.17,""ZAR"":54000}"
2026-05-07,ALL,ALL,3201,3897826.6,0,"{""BRL"":711616,""CAD"":164714,""USD"":3256407.15,""ZAR"":6369164.33}"
2026-05-07,ALL,DOMESTIC,2958,3256407.15,0,"{""USD"":3256407.15}"
2026-05-07,ALL,INTERNATIONAL,243,641419.45,0,"{""BRL"":711616,""CAD"":164714,""ZAR"":6369164.33}"
2026-05-08,ALL,ALL,2335,2499181.42,0,"{""BRL"":581898,""CAD"":9732,""USD"":2379808.38}"
2026-05-08,ALL,DOMESTIC,2308,2379808.38,0,"{""USD"":2379808.38}"
2026-05-08,ALL,INTERNATIONAL,27,119373.04,0,"{""BRL"":581898,""CAD"":9732}"
2026-05-09,ALL,ALL,1325,550080.9,0,"{""AUD"":750,""CAD"":6048,""USD"":545306.51}"
2026-05-09,ALL,DOMESTIC,1318,545306.51,0,"{""USD"":545306.51}"
2026-05-09,ALL,INTERNATIONAL,7,4774.39,0,"{""AUD"":750,""CAD"":6048}"
2026-05-10,ALL,ALL,1386,671315.14,0,"{""CAD"":27945,""USD"":651641.77}"
2026-05-10,ALL,DOMESTIC,1383,651641.77,0,"{""USD"":651641.77}"
2026-05-10,ALL,INTERNATIONAL,3,19673.37,0,"{""CAD"":27945}"
2026-05-11,ALL,ALL,2281,4157462.34,0,"{""BRL"":531062,""CAD"":43066,""USD"":4022426.54,""ZAR"":33264.71}"
2026-05-11,ALL,DOMESTIC,2254,4022426.54,0,"{""USD"":4022426.54}"
2026-05-11,ALL,INTERNATIONAL,27,135035.8,0,"{""BRL"":531062,""CAD"":43066,""ZAR"":33264.71}"
2026-05-12,ALL,ALL,2753,2902144.12,0,"{""BRL"":50400,""CAD"":173368,""MXN"":978000,""USD"":2714406.87}"
2026-05-12,ALL,DOMESTIC,2666,2591220.87,0,"{""USD"":2591220.87}"
2026-05-12,ALL,INTERNATIONAL,87,310923.25,0,"{""BRL"":50400,""CAD"":173368,""MXN"":978000,""USD"":123186}"
2026-05-13,ALL,ALL,2395,2858998.08,0,"{""BRL"":160226,""CAD"":127178,""EUR"":4000,""USD"":2728941.14,""ZAR"":81680}"
2026-05-13,ALL,DOMESTIC,2352,2728941.14,0,"{""USD"":2728941.14}"
2026-05-13,ALL,INTERNATIONAL,43,130056.94,0,"{""BRL"":160226,""CAD"":127178,""EUR"":4000,""ZAR"":81680}"
2026-05-14,ALL,ALL,2541,5147444.21,0,"{""BRL"":132357,""CAD"":294587.3,""USD"":4703151.68,""ZAR"":3470000}"
2026-05-14,ALL,DOMESTIC,2437,4703151.68,0,"{""USD"":4703151.68}"
2026-05-14,ALL,INTERNATIONAL,104,444292.53,0,"{""BRL"":132357,""CAD"":294587.3,""ZAR"":3470000}"
2026-05-15,ALL,ALL,2049,3580025.42,0,"{""AUD"":764,""CAD"":141442,""USD"":3479923.57}"
2026-05-15,ALL,DOMESTIC,2018,3479923.57,0,"{""USD"":3479923.57}"
2026-05-15,ALL,INTERNATIONAL,31,100101.85,0,"{""AUD"":764,""CAD"":141442}"
2026-05-16,ALL,ALL,1194,473773.21,0,"{""CAD"":4386,""USD"":470685.45}"
2026-05-16,ALL,DOMESTIC,1185,470685.45,0,"{""USD"":470685.45}"
2026-05-16,ALL,INTERNATIONAL,9,3087.76,0,"{""CAD"":4386}"
2026-05-17,ALL,ALL,1303,537138.88,0,"{""CAD"":11327,""USD"":529164.64}"
2026-05-17,ALL,DOMESTIC,1299,529164.64,0,"{""USD"":529164.64}"
2026-05-17,ALL,INTERNATIONAL,4,7974.24,0,"{""CAD"":11327}"
2026-05-18,ALL,ALL,2514,2720793.67,0,"{""BRL"":89309,""CAD"":213244,""USD"":2553399.51}"
2026-05-18,ALL,DOMESTIC,2494,2553399.51,0,"{""USD"":2553399.51}"
2026-05-18,ALL,INTERNATIONAL,20,167394.16,0,"{""BRL"":89309,""CAD"":213244}"
2026-05-19,ALL,ALL,2844,3515514.38,0,"{""BRL"":451061,""CAD"":125923.89,""EUR"":104213,""USD"":3205297.93,""ZAR"":252500}"
2026-05-19,ALL,DOMESTIC,2702,3205297.93,0,"{""USD"":3205297.93}"
2026-05-19,ALL,INTERNATIONAL,142,310216.45,0,"{""BRL"":451061,""CAD"":125923.89,""EUR"":104213,""ZAR"":252500}"
2026-05-20,ALL,ALL,2715,3587080.87,0,"{""CAD"":120128,""EUR"":116740,""USD"":3369242.03}"
2026-05-20,ALL,DOMESTIC,2622,3369067.03,0,"{""USD"":3369067.03}"
2026-05-20,ALL,INTERNATIONAL,93,218013.84,0,"{""CAD"":120128,""EUR"":116740,""USD"":175}"
2026-05-21,ALL,ALL,3111,4988064.25,0,"{""BRL"":114539,""CAD"":142557.55,""CNY"":228019,""EUR"":192823.01,""USD"":4177484.74,""ZAR"":7134100}"
2026-05-21,ALL,DOMESTIC,2836,4177484.74,0,"{""USD"":4177484.74}"
2026-05-21,ALL,INTERNATIONAL,275,810579.51,0,"{""BRL"":114539,""CAD"":142557.55,""CNY"":228019,""EUR"":192823.01,""ZAR"":7134100}"
2026-05-22,ALL,ALL,2352,2544449.33,0,"{""BRL"":116783,""CAD"":37032,""USD"":2495796.34}"
2026-05-22,ALL,DOMESTIC,2298,2495796.34,0,"{""USD"":2495796.34}"
2026-05-22,ALL,INTERNATIONAL,54,48652.99,0,"{""BRL"":116783,""CAD"":37032}"
2026-05-23,ALL,ALL,1168,551696.04,0,"{""CAD"":1487,""USD"":550649.19}"
2026-05-23,ALL,DOMESTIC,1165,550649.19,0,"{""USD"":550649.19}"
2026-05-23,ALL,INTERNATIONAL,3,1046.85,0,"{""CAD"":1487}"
2026-05-24,ALL,ALL,1406,1351063.74,0,"{""USD"":1351063.74}"
2026-05-24,ALL,DOMESTIC,1406,1351063.74,0,"{""USD"":1351063.74}"
2026-05-25,ALL,ALL,1368,1630262.85,0,"{""BRL"":451741,""CAD"":93165,""USD"":1463311.75,""ZAR"":230055.98}"
2026-05-25,ALL,DOMESTIC,1342,1463311.75,0,"{""USD"":1463311.75}"
2026-05-25,ALL,INTERNATIONAL,26,166951.1,0,"{""BRL"":451741,""CAD"":93165,""ZAR"":230055.98}"
2026-05-26,ALL,ALL,2489,4318501.43,0,"{""BRL"":3185424.95,""CAD"":153627.01,""USD"":3573197.6,""ZAR"":347872.19}"
2026-05-26,ALL,DOMESTIC,2257,3573197.6,0,"{""USD"":3573197.6}"
2026-05-26,ALL,INTERNATIONAL,232,745303.83,0,"{""BRL"":3185424.95,""CAD"":153627.01,""ZAR"":347872.19}"
2026-05-27,ALL,ALL,2439,3837859.46,0,"{""BRL"":553039,""CAD"":216756,""USD"":3284141.59,""ZAR"":4830875}"
2026-05-27,ALL,DOMESTIC,2286,3284141.59,0,"{""USD"":3284141.59}"
2026-05-27,ALL,INTERNATIONAL,153,553717.87,0,"{""BRL"":553039,""CAD"":216756,""ZAR"":4830875}"
2026-05-28,ALL,ALL,2881,5869163.04,0,"{""BRL"":101694,""CAD"":142480,""CNY"":6700,""EUR"":650709.05,""USD"":5005211.04,""ZAR"":2600}"
2026-05-28,ALL,DOMESTIC,2506,5005211.04,0,"{""USD"":5005211.04}"
2026-05-28,ALL,INTERNATIONAL,375,863952,0,"{""BRL"":101694,""CAD"":142480,""CNY"":6700,""EUR"":650709.05,""ZAR"":2600}"
2026-05-29,ALL,ALL,1716,3076053.89,0,"{""BRL"":423687,""CAD"":103719,""EUR"":29500,""USD"":2887430.29}"
2026-05-29,ALL,DOMESTIC,1644,2887430.29,0,"{""USD"":2887430.29}"
2026-05-29,ALL,INTERNATIONAL,72,188623.6,0,"{""BRL"":423687,""CAD"":103719,""EUR"":29500}"
2026-05-30,ALL,ALL,949,443096.54,0,"{""CAD"":255,""USD"":442917.02}"
2026-05-30,ALL,DOMESTIC,946,442917.02,0,"{""USD"":442917.02}"
2026-05-30,ALL,INTERNATIONAL,3,179.52,0,"{""CAD"":255}"
2026-05-31,ALL,ALL,990,598108.28,0,"{""CAD"":22000,""USD"":582620.21}"
2026-05-31,ALL,DOMESTIC,989,582620.21,0,"{""USD"":582620.21}"
2026-05-31,ALL,INTERNATIONAL,1,15488.07,0,"{""CAD"":22000}"
2026-06-01,ALL,ALL,1729,2740144.14,0,"{""BRL"":843010,""CAD"":9878,""USD"":2470145.69,""ZAR"":1642666}"
2026-06-01,ALL,DOMESTIC,1686,2470145.69,0,"{""USD"":2470145.69}"
2026-06-01,ALL,INTERNATIONAL,43,269998.45,0,"{""BRL"":843010,""CAD"":9878,""ZAR"":1642666}"
2026-06-02,ALL,ALL,2521,3420029.98,0,"{""BRL"":675003,""CAD"":33026,""MXN"":989000,""USD"":2898720.16,""ZAR"":5106515.55}"
2026-06-02,ALL,DOMESTIC,2429,2830570.16,0,"{""USD"":2830570.16}"
2026-06-02,ALL,INTERNATIONAL,92,589459.82,0,"{""BRL"":675003,""CAD"":33026,""MXN"":989000,""USD"":68150,""ZAR"":5106515.55}"
2026-06-03,ALL,ALL,2221,2525271.61,0,"{""CAD"":79896,""USD"":2462678.62,""ZAR"":104210}"
2026-06-03,ALL,DOMESTIC,2199,2462678.62,0,"{""USD"":2462678.62}"
2026-06-03,ALL,INTERNATIONAL,22,62592.99,0,"{""CAD"":79896,""ZAR"":104210}"
2026-06-04,ALL,ALL,2269,4606511.8,0,"{""CAD"":168041.11,""EUR"":1605,""GBP"":108952.01,""MXN"":116000,""USD"":4335456.43}"
2026-06-04,ALL,DOMESTIC,2119,4335456.43,0,"{""USD"":4335456.43}"
2026-06-04,ALL,INTERNATIONAL,150,271055.37,0,"{""CAD"":168041.11,""EUR"":1605,""GBP"":108952.01,""MXN"":116000}"
2026-06-05,ALL,ALL,1950,2937169.74,0,"{""BRL"":122500,""CAD"":41973,""GBP"":5645,""USD"":2864243.09,""ZAR"":200571.24}"
2026-06-05,ALL,DOMESTIC,1899,2864243.09,0,"{""USD"":2864243.09}"
2026-06-05,ALL,INTERNATIONAL,51,72926.65,0,"{""BRL"":122500,""CAD"":41973,""GBP"":5645,""ZAR"":200571.24}"
2026-06-06,ALL,ALL,943,465810.67,0,"{""CAD"":3459,""USD"":463375.52}"
2026-06-06,ALL,DOMESTIC,938,463375.52,0,"{""USD"":463375.52}"
2026-06-06,ALL,INTERNATIONAL,5,2435.15,0,"{""CAD"":3459}"
2026-06-07,ALL,ALL,979,748939.29,0,"{""CAD"":1400,""USD"":747953.69}"
2026-06-07,ALL,DOMESTIC,977,747953.69,0,"{""USD"":747953.69}"
2026-06-07,ALL,INTERNATIONAL,2,985.6,0,"{""CAD"":1400}"
2026-06-08,ALL,ALL,2122,2646897.44,0,"{""BRL"":450513,""CAD"":150629.56,""MXN"":340000,""USD"":2434290.63}"
2026-06-08,ALL,DOMESTIC,2083,2434290.63,0,"{""USD"":2434290.63}"
2026-06-08,ALL,INTERNATIONAL,39,212606.81,0,"{""BRL"":450513,""CAD"":150629.56,""MXN"":340000}"
2026-06-09,ALL,ALL,2461,4298800.41,0,"{""BRL"":1243064.07,""CAD"":333173,""USD"":3823874.1}"
2026-06-09,ALL,DOMESTIC,2392,3823874.1,0,"{""USD"":3823874.1}"
2026-06-09,ALL,INTERNATIONAL,69,474926.31,0,"{""BRL"":1243064.07,""CAD"":333173}"
2026-06-10,ALL,ALL,2406,3141012.97,0,"{""BRL"":424631,""CAD"":62908,""CNY"":78085,""USD"":2999485.22,""ZAR"":60000}"
2026-06-10,ALL,DOMESTIC,2361,2999485.22,0,"{""USD"":2999485.22}"
2026-06-10,ALL,INTERNATIONAL,45,141527.75,0,"{""BRL"":424631,""CAD"":62908,""CNY"":78085,""ZAR"":60000}"
2026-06-11,ALL,ALL,2602,4351092.29,0,"{""BRL"":231971,""CAD"":190335,""EUR"":152095,""USD"":3858245.9,""ZAR"":2305000}"
2026-06-11,ALL,DOMESTIC,2476,3856145.9,0,"{""USD"":3856145.9}"
2026-06-11,ALL,INTERNATIONAL,126,494946.39,0,"{""BRL"":231971,""CAD"":190335,""EUR"":152095,""USD"":2100,""ZAR"":2305000}"
2026-06-12,ALL,ALL,2225,2249213.63,0,"{""AUD"":130,""BRL"":256669,""CAD"":85086,""USD"":2134853.19,""ZAR"":77804.49}"
2026-06-12,ALL,DOMESTIC,2196,2134853.19,0,"{""USD"":2134853.19}"
2026-06-12,ALL,INTERNATIONAL,29,114360.44,0,"{""AUD"":130,""BRL"":256669,""CAD"":85086,""ZAR"":77804.49}"
2026-06-13,ALL,ALL,1214,480614.84,0,"{""CAD"":7698,""USD"":475195.42}"
2026-06-13,ALL,DOMESTIC,1202,475195.42,0,"{""USD"":475195.42}"
2026-06-13,ALL,INTERNATIONAL,12,5419.42,0,"{""CAD"":7698}"
2026-06-14,ALL,ALL,1315,751439.3,0,"{""CAD"":669,""USD"":750968.32}"
2026-06-14,ALL,DOMESTIC,1309,750968.32,0,"{""USD"":750968.32}"
2026-06-14,ALL,INTERNATIONAL,6,470.98,0,"{""CAD"":669}"
2026-06-15,ALL,ALL,2494,2481813.96,0,"{""BRL"":1156072,""CAD"":17154,""USD"":2245313.46,""ZAR"":14356.58}"
2026-06-15,ALL,DOMESTIC,2461,2245313.46,0,"{""USD"":2245313.46}"
2026-06-15,ALL,INTERNATIONAL,33,236500.5,0,"{""BRL"":1156072,""CAD"":17154,""ZAR"":14356.58}"
2026-06-16,ALL,ALL,2574,2896149.05,0,"{""BRL"":123000,""CAD"":70099.6,""USD"":2823014.18}"
2026-06-16,ALL,DOMESTIC,2530,2823014.18,0,"{""USD"":2823014.18}"
2026-06-16,ALL,INTERNATIONAL,44,73134.87,0,"{""BRL"":123000,""CAD"":70099.6}"
2026-06-17,ALL,ALL,2789,3738216.45,0,"{""BRL"":632649,""CAD"":155431,""EUR"":74515,""USD"":3421392.09}"
2026-06-17,ALL,DOMESTIC,2704,3411392.09,0,"{""USD"":3411392.09}"
2026-06-17,ALL,INTERNATIONAL,85,326824.36,0,"{""BRL"":632649,""CAD"":155431,""EUR"":74515,""USD"":10000}"
2026-06-18,ALL,ALL,2652,6245735.31,0,"{""BRL"":444189,""CAD"":136660,""EUR"":279411.17,""USD"":5734036.14,""ZAR"":174500}"
2026-06-18,ALL,DOMESTIC,2487,5733736.14,0,"{""USD"":5733736.14}"
2026-06-18,ALL,INTERNATIONAL,165,511999.17,0,"{""BRL"":444189,""CAD"":136660,""EUR"":279411.17,""USD"":300,""ZAR"":174500}"
2026-06-19,ALL,ALL,2334,2763052.62,0,"{""BRL"":2984876.47,""CAD"":76623.68,""EUR"":1550,""USD"":2123826.15,""ZAR"":103912}"
2026-06-19,ALL,DOMESTIC,2233,2123826.15,0,"{""USD"":2123826.15}"
2026-06-19,ALL,INTERNATIONAL,101,639226.47,0,"{""BRL"":2984876.47,""CAD"":76623.68,""EUR"":1550,""ZAR"":103912}"
2026-06-20,ALL,ALL,1415,687679.7,0,"{""CAD"":13795.59,""USD"":677967.56}"
2026-06-20,ALL,DOMESTIC,1402,677967.56,0,"{""USD"":677967.56}"
2026-06-20,ALL,INTERNATIONAL,13,9712.14,0,"{""CAD"":13795.59}"
2026-06-21,ALL,ALL,1548,594070.97,0,"{""CAD"":135,""USD"":593975.93}"
2026-06-21,ALL,DOMESTIC,1547,593975.93,0,"{""USD"":593975.93}"
2026-06-21,ALL,INTERNATIONAL,1,95.04,0,"{""CAD"":135}"
2026-06-22,ALL,ALL,2750,3272101.33,0,"{""BRL"":1452874.68,""CAD"":53093.35,""CNY"":224837,""EUR"":10805,""USD"":2908403.32}"
2026-06-22,ALL,DOMESTIC,2642,2908403.32,0,"{""USD"":2908403.32}"
2026-06-22,ALL,INTERNATIONAL,108,363698.01,0,"{""BRL"":1452874.68,""CAD"":53093.35,""CNY"":224837,""EUR"":10805}"
2026-06-23,ALL,ALL,3300,4090909.79,0,"{""BRL"":56000,""CAD"":92721.01,""EUR"":153999.01,""USD"":3825849.12,""ZAR"":216000}"
2026-06-23,ALL,DOMESTIC,3132,3825849.12,0,"{""USD"":3825849.12}"
2026-06-23,ALL,INTERNATIONAL,168,265060.67,0,"{""BRL"":56000,""CAD"":92721.01,""EUR"":153999.01,""ZAR"":216000}"
2026-06-24,ALL,ALL,2897,13707922.95,0,"{""BRL"":329937,""CAD"":2765764,""USD"":11676773.17,""ZAR"":332420.59}"
2026-06-24,ALL,DOMESTIC,2854,11676773.17,0,"{""USD"":11676773.17}"
2026-06-24,ALL,INTERNATIONAL,43,2031149.78,0,"{""BRL"":329937,""CAD"":2765764,""ZAR"":332420.59}"
2026-06-25,ALL,ALL,2550,5442898.78,0,"{""BRL"":340500,""CAD"":166054,""USD"":5125648.4,""ZAR"":2208780}"
2026-06-25,ALL,DOMESTIC,2451,5125648.4,0,"{""USD"":5125648.4}"
2026-06-25,ALL,INTERNATIONAL,99,317250.38,0,"{""BRL"":340500,""CAD"":166054,""ZAR"":2208780}"
2026-06-26,ALL,ALL,2374,2271040.31,0,"{""BRL"":641988.27,""CAD"":227671,""USD"":1986617.84}"
2026-06-26,ALL,DOMESTIC,2326,1986617.84,0,"{""USD"":1986617.84}"
2026-06-26,ALL,INTERNATIONAL,48,284422.47,0,"{""BRL"":641988.27,""CAD"":227671}"
2026-06-27,ALL,ALL,1613,700558.54,0,"{""CAD"":5045,""USD"":697006.84}"
2026-06-27,ALL,DOMESTIC,1609,697006.84,0,"{""USD"":697006.84}"
2026-06-27,ALL,INTERNATIONAL,4,3551.7,0,"{""CAD"":5045}"
2026-06-28,ALL,ALL,1536,414138.59,0,"{""USD"":414138.59}"
2026-06-28,ALL,DOMESTIC,1536,414138.59,0,"{""USD"":414138.59}"
2026-06-29,ALL,ALL,2650,3157954.35,0,"{""BRL"":1253667.64,""CAD"":54707,""USD"":2775923.07,""ZAR"":1660141}"
2026-06-29,ALL,DOMESTIC,2557,2775923.07,0,"{""USD"":2775923.07}"
2026-06-29,ALL,INTERNATIONAL,93,382031.28,0,"{""BRL"":1253667.64,""CAD"":54707,""ZAR"":1660141}"
